iter	R2	MAE
0	0.008865807165	0.787873481
1	0.01932639216	0.7834357979
2	0.02918331138	0.779124094
3	0.03931655867	0.7748472191
4	0.04919024046	0.7705747794
5	0.05837249252	0.7664724728
6	0.06685564945	0.7626529835
7	0.075021912	0.758931524
8	0.08342370297	0.7551298662
9	0.09205673286	0.7512825745
10	0.09987385034	0.7477311515
11	0.1076432323	0.7441879043
12	0.1150970126	0.7407612352
13	0.1221673086	0.7374111229
14	0.1289918947	0.7341711951
15	0.1360879637	0.7308469363
16	0.1423362251	0.7278274953
17	0.1486605961	0.7247828072
18	0.1548222338	0.721799628
19	0.1607448482	0.7188968497
20	0.1665786521	0.7160173635
21	0.1725334979	0.7130833604
22	0.1783442103	0.7102400201
23	0.1834316034	0.7076607016
24	0.1886352303	0.7050714705
25	0.1939292506	0.7024211435
26	0.1989966903	0.6999065485
27	0.2043490928	0.6972713028
28	0.209191495	0.6947981083
29	0.2140391085	0.6923287628
30	0.2183056827	0.6900600252
31	0.2228472381	0.6877109949
32	0.2268159364	0.685568276
33	0.2311498066	0.6832847503
34	0.2347723051	0.6812729405
35	0.239236855	0.6789796963
36	0.2428522939	0.6770044939
37	0.2463699776	0.6750417965
38	0.2498648256	0.6730989014
39	0.2532856025	0.671218909
40	0.2565820244	0.6693693416
41	0.2598947697	0.6675152885
42	0.2632230882	0.6656773351
43	0.2665187085	0.6638169948
44	0.2695889726	0.6620491499
45	0.2727176889	0.6602611452
46	0.2756975035	0.65863393
47	0.2786005399	0.6570014341
48	0.2812995643	0.6554320783
49	0.2841103004	0.653812872
50	0.2867489299	0.6522870785
51	0.2892273646	0.6507987455
52	0.2918249917	0.649252307
53	0.2944363514	0.6477201793
54	0.2968205417	0.646350146
55	0.299223563	0.6448832243
56	0.3012260702	0.6436214327
57	0.3036535658	0.6421419097
58	0.3057505085	0.64088
59	0.3080768457	0.6395186416
60	0.3104304986	0.6381384621
61	0.3125905271	0.6368079849
62	0.3147376985	0.6355131074
63	0.3168385902	0.6342096785
64	0.3188960985	0.6329343317
65	0.3209538746	0.6316555178
66	0.3229185603	0.630478716
67	0.324805782	0.6293180596
68	0.3267532101	0.6280979704
69	0.3285860387	0.6269316597
70	0.3302922361	0.6258265644
71	0.3320710054	0.6247375493
72	0.3339040102	0.6235852588
73	0.3355370586	0.6225252537
74	0.3372364424	0.6214778593
75	0.3388370655	0.6204575402
76	0.340308022	0.6194778774
77	0.3417225561	0.6185369781
78	0.3431836866	0.6175427624
79	0.3445540177	0.616579843
80	0.3457288161	0.6157338326
81	0.347211562	0.6147396028
82	0.34835678	0.6138816676
83	0.3496237157	0.6129906121
84	0.3508599144	0.6121252439
85	0.3521812742	0.6112623642
86	0.3533979389	0.6104028503
87	0.3545701524	0.6095629344
88	0.3556582483	0.6088057216
89	0.3567612562	0.6079995506
90	0.3578129111	0.6072201179
91	0.3587425474	0.6065233163
92	0.359617099	0.6058401724
93	0.3607466557	0.6050773723
94	0.3615686496	0.6044757491
95	0.3626341466	0.6037074241
96	0.3636692335	0.6029574269
97	0.3646967226	0.6022212831
98	0.365856128	0.6014167383
99	0.3668487252	0.600695233
100	0.367728219	0.6000261631
101	0.368599579	0.5993843107
102	0.3694504065	0.598751898
103	0.3703942426	0.5980613724
104	0.3712444602	0.5974155199
105	0.3720647576	0.5968003758
106	0.3730016514	0.5961308143
107	0.3737274502	0.5955974189
108	0.3745063456	0.5950089704
109	0.3754166475	0.5943836203
110	0.376231414	0.5937603433
111	0.3768912612	0.5932691868
112	0.3776433818	0.5926870171
113	0.37830271	0.5921683397
114	0.3789637352	0.5916684778
115	0.3796173171	0.5911582738
116	0.3803271475	0.5906094531
117	0.3810169196	0.5901078371
118	0.3817720239	0.5895311652
119	0.3823947009	0.5890488385
120	0.383042948	0.5885536603
121	0.3835514283	0.5881332513
122	0.3843501917	0.587604348
123	0.3848988916	0.5871932025
124	0.3854881807	0.5867802541
125	0.3860737417	0.5863269256
126	0.3866347085	0.5858927806
127	0.387118696	0.5854924658
128	0.3876432581	0.5850634081
129	0.3882549478	0.5845687987
130	0.3887574484	0.5841714502
131	0.3892156749	0.5837932293
132	0.3898325414	0.5833333268
133	0.39013341	0.5830367545
134	0.3905536095	0.5826776984
135	0.3910165352	0.5822871507
136	0.3914724947	0.5818944003
137	0.3920452754	0.5814451998
138	0.3924278872	0.5810936608
139	0.3927728411	0.5807774626
140	0.3930822674	0.5805042127
141	0.3936641467	0.5800864641
142	0.3941011099	0.5797998174
143	0.3946284723	0.5794122268
144	0.3950044053	0.5791016357
145	0.3953178223	0.5787917187
146	0.3956359902	0.5784844936
147	0.396000877	0.5781582642
148	0.3965242665	0.577752928
149	0.3968601745	0.5774787694
150	0.3973601776	0.5771197701
151	0.397705698	0.5768107292
152	0.3979862329	0.576539977
153	0.3983001516	0.576267631
154	0.3985823296	0.5759939055
155	0.3989119305	0.5757179292
156	0.3992849641	0.5754337017
157	0.3997843132	0.5751073467
158	0.4002225603	0.5747880714
159	0.4006598339	0.574434318
160	0.4010461981	0.5741261054
161	0.4013745772	0.5738739752
162	0.4016595146	0.5736306751
163	0.4019173168	0.5733848271
164	0.4022450092	0.5731257976
165	0.4026546894	0.5728035473
166	0.4031192396	0.5724777561
167	0.403347636	0.5722814076
168	0.4036094254	0.5720331842
169	0.4039377023	0.5717613418
170	0.4042728747	0.5714814152
171	0.4047324318	0.5711481888
172	0.4050122594	0.5708857164
173	0.4053593612	0.5705803955
174	0.4056484524	0.5703169059
175	0.4059285276	0.570088725
176	0.406186821	0.5698513697
177	0.4063730681	0.5696939007
178	0.4065714443	0.5694986278
179	0.406863947	0.5692890925
180	0.407128689	0.5690469754
181	0.4074178724	0.568798917
182	0.4075893051	0.5686291669
183	0.4078920556	0.5683831568
184	0.4080153331	0.5682273234
185	0.4081986569	0.5680699176
186	0.4083670153	0.5679111285
187	0.4084895247	0.5677544229
188	0.4087411045	0.5675519362
189	0.4089211795	0.5673797933
190	0.4090903597	0.5672004731
191	0.4094126414	0.5669334272
192	0.4096057708	0.5667458144
193	0.4098343813	0.5665366223
194	0.410121207	0.5663055209
195	0.4102700803	0.5661560934
196	0.4104362457	0.5659896196
197	0.4106856021	0.5658021559
198	0.4108501519	0.5656153556
199	0.4111331791	0.5653971554
200	0.4113667384	0.5652102944
201	0.4114806415	0.5650656806
202	0.4116816208	0.5649223883
203	0.4118420538	0.5647495597
204	0.4120624871	0.5645721982
205	0.4121563686	0.5644883234
206	0.4124050787	0.5642993246
207	0.4126734445	0.5641231558
208	0.412882898	0.5639104257
209	0.4130890178	0.5637192754
210	0.4132618885	0.5635852006
211	0.4133881073	0.5634343115
212	0.4135561448	0.5633074699
213	0.4136804839	0.5631941268
214	0.4137964178	0.5630874444
215	0.4141049478	0.562878811
216	0.414232385	0.5627759541
217	0.4143697463	0.5626465217
218	0.414571089	0.5624883687
219	0.4147968263	0.5622963345
220	0.4149278942	0.5621769565
221	0.4151528368	0.5620179352
222	0.4152655827	0.561903568
223	0.415406012	0.5617637791
224	0.4155231601	0.5616334977
225	0.4158403704	0.56139776
226	0.4161695645	0.5611642085
227	0.4163093264	0.5610204308
228	0.4165319311	0.5608465893
229	0.4166706564	0.5607185508
230	0.416852576	0.5605645867
231	0.4170353705	0.5604192301
232	0.4171226369	0.5603026709
233	0.4172087802	0.5601911079
234	0.4173148764	0.5600690501
235	0.4175799994	0.5598852931
236	0.4176873564	0.5598075656
237	0.4177568625	0.5597428664
238	0.4179193544	0.5596069716
239	0.4179778705	0.5595241441
240	0.4181580293	0.5593740973
241	0.4182969066	0.5592577966
242	0.4184213481	0.5591462438
243	0.4186058608	0.5589798941
244	0.4187773044	0.5588308558
245	0.4189416862	0.5587242218
246	0.4190985661	0.558590343
247	0.4192983788	0.5584447253
248	0.4194672799	0.5583014241
249	0.4195809354	0.5581737906
250	0.4198032726	0.5580242279
251	0.4198878977	0.5579641744
252	0.4201273229	0.557815507
253	0.4202268193	0.5577163963
254	0.4203360366	0.5576118224
255	0.4204573829	0.5574912731
256	0.4206631434	0.5573330442
257	0.4207632179	0.5572243206
258	0.420939217	0.5570981684
259	0.4210901546	0.5569918593
260	0.4212425821	0.5568619334
261	0.4213552287	0.5567674097
262	0.4214533255	0.5566701269
263	0.4215906325	0.5565557744
264	0.4217413194	0.5564218759
265	0.4218899471	0.5563223362
266	0.422061239	0.5561874286
267	0.4221875952	0.5560889883
268	0.4222581049	0.5560177984
269	0.4224411624	0.55587099
270	0.4226663907	0.5557116612
271	0.4227394243	0.5556113413
272	0.4228503488	0.5555090376
273	0.4231018329	0.5553632202
274	0.4232873369	0.555227936
275	0.4234023804	0.5551498921
276	0.4235667123	0.5550333836
277	0.4237343033	0.5549148936
278	0.4238751802	0.5548156042
279	0.4239384923	0.5547490366
280	0.4240011021	0.554694929
281	0.4241746682	0.5545530787
282	0.4242842519	0.5544745463
283	0.4245390986	0.554277241
284	0.424680905	0.5541658431
285	0.4247739898	0.5540941322
286	0.4248738629	0.5540098849
287	0.4251730286	0.553813136
288	0.4252415469	0.5537374919
289	0.425396659	0.5536080001
290	0.4255411853	0.5535031945
291	0.4256926	0.5533617731
292	0.4259102376	0.5531969316
293	0.4260549751	0.5530812408
294	0.4262022838	0.5529671017
295	0.426259845	0.5529011595
296	0.4263213964	0.5528411304
297	0.4263879758	0.5527573148
298	0.4266153195	0.5525993718
299	0.4268519914	0.5524106222
300	0.4269881139	0.5522997318
301	0.427192603	0.5521433387
302	0.4274026021	0.55199804
303	0.4275479676	0.5519003531
304	0.4276951987	0.5517443735
305	0.4278232186	0.5516115575
306	0.4280034686	0.5514755086
307	0.4281452827	0.5513765403
308	0.4283142358	0.5512523597
309	0.4284563222	0.5511441325
310	0.4286350346	0.5510203369
311	0.4288412453	0.550868836
312	0.4289541824	0.5507699701
313	0.4290480866	0.5506756271
314	0.4292750054	0.5505014604
315	0.4293632045	0.5504277214
316	0.42946829	0.5503222174
317	0.4295364639	0.5502647298
318	0.4296007659	0.5501986107
319	0.4297116868	0.5501010281
320	0.4298177545	0.549985537
321	0.4299714601	0.5498774811
322	0.4301027769	0.5497703851
323	0.4302408904	0.5496619677
324	0.4303713004	0.5495553002
325	0.4305094134	0.5494444077
326	0.4306614725	0.5493174216
327	0.4307839699	0.5492422138
328	0.4308461903	0.5491928428
329	0.4310102332	0.5490548563
330	0.431094387	0.5489821779
331	0.4312261046	0.5488808155
332	0.4314349761	0.5487481537
333	0.4315674784	0.5486480404
334	0.4317366372	0.5485274634
335	0.4318024362	0.5484716227
336	0.4319430997	0.5483529945
337	0.4319926463	0.5483090542
338	0.4321360165	0.54820551
339	0.4322041491	0.5481294272
340	0.4322470844	0.5480675491
341	0.4323671093	0.5479692771
342	0.4325206917	0.5478656377
343	0.4326455562	0.5477747446
344	0.4327770752	0.5476522566
345	0.4328675713	0.5475862184
346	0.4330066173	0.5474627534
347	0.4331789532	0.5473277407
348	0.4332982325	0.5472267135
349	0.4334084583	0.5471487032
350	0.4334964695	0.547044678
351	0.4335508377	0.5469873014
352	0.4336823914	0.5468909293
353	0.4337968615	0.5467982241
354	0.4339303623	0.5466939258
355	0.4341030136	0.5465884794
356	0.4341862573	0.5465264109
357	0.4342889569	0.5464490935
358	0.4343627927	0.5463768397
359	0.4344407534	0.5463015237
360	0.4345025539	0.546238399
361	0.4345715736	0.5461884651
362	0.4346864522	0.5460969317
363	0.434783561	0.5460056191
364	0.4349181873	0.5459088591
365	0.4350106312	0.545829844
366	0.4351422793	0.5457443859
367	0.4351725834	0.5457075233
368	0.4352437283	0.5456615817
369	0.4353535197	0.5455525677
370	0.435465283	0.5454657714
371	0.4355767009	0.5453532313
372	0.435675018	0.5452836081
373	0.4358066407	0.5452036671
374	0.4360648462	0.5450319646
375	0.4361486261	0.5449543285
376	0.4363192364	0.544845419
377	0.4364268948	0.5447620283
378	0.4365058174	0.544707536
379	0.436583041	0.5446536793
380	0.436717533	0.5445556633
381	0.436849255	0.5444567454
382	0.4369281449	0.5443872188
383	0.4370200901	0.5443132839
384	0.4371498262	0.5442256175
385	0.4372811403	0.5441324849
386	0.4373338589	0.5440813268
387	0.4374991595	0.5439791539
388	0.4376275445	0.5438845172
389	0.4376797118	0.5438452357
390	0.437748964	0.543793228
391	0.4378697102	0.5436999504
392	0.4379518202	0.5436270732
393	0.438080082	0.5435351627
394	0.4381769266	0.5434710355
395	0.4382572527	0.5434078723
396	0.4384730017	0.5432818917
397	0.4386049547	0.543175675
398	0.438753781	0.543077039
399	0.4388438867	0.542994282
400	0.4389720479	0.5428837385
401	0.4391200979	0.5427729658
402	0.4392132404	0.5427073733
403	0.4392602505	0.5426634624
404	0.4393544795	0.5425920055
405	0.4394208163	0.5425325187
406	0.4395284118	0.5424579236
407	0.4396166127	0.5423851884
408	0.4397116857	0.5423247423
409	0.4398564955	0.5422324154
410	0.4400474802	0.5420896258
411	0.4401665115	0.5420119237
412	0.440181985	0.5420023204
413	0.4403447393	0.5418828614
414	0.4404426424	0.5417930716
415	0.4405212856	0.5417297111
416	0.4406339557	0.5416442766
417	0.4407189751	0.5415822978
418	0.4408251414	0.5415077003
419	0.4409101843	0.5414466297
420	0.4409810189	0.5413916813
421	0.4410591043	0.5413357902
422	0.4411326665	0.5412840626
423	0.4412387831	0.5412021782
424	0.4413926291	0.5410946471
425	0.4415125176	0.5409888019
426	0.4416131608	0.5409225766
427	0.4416721171	0.5408764378
428	0.4417217912	0.5408248366
429	0.4418406926	0.5407504213
430	0.4419618161	0.5406700841
431	0.4420149959	0.5406220491
432	0.4421082273	0.5405475148
433	0.4422603833	0.540437
434	0.4423210159	0.540398554
435	0.442395821	0.5403489259
436	0.4424686975	0.5402789064
437	0.4425528854	0.540213326
438	0.442680089	0.5401156289
439	0.4428165374	0.5400269598
440	0.4429036535	0.5399615727
441	0.443030731	0.539861833
442	0.4431873427	0.539752459
443	0.4432765289	0.5396879994
444	0.4434248557	0.5395743438
445	0.4434942872	0.5395184961
446	0.4435975106	0.5394304368
447	0.4436745983	0.5393754068
448	0.443765888	0.539298182
449	0.4438630508	0.539202639
450	0.4439621783	0.5391360817
451	0.4440207848	0.5390892197
452	0.4441073944	0.5390201929
453	0.4442094318	0.5389440825
454	0.4442686752	0.5388923136
455	0.4443346572	0.5388249612
456	0.4444357028	0.5387601474
457	0.4445308006	0.5386752125
458	0.4446627274	0.5385659194
459	0.4447415535	0.5385117656
460	0.4448231129	0.5384498284
461	0.4449096151	0.5383848309
462	0.4449613048	0.5383433368
463	0.4450001936	0.5383163259
464	0.4450582191	0.5382744782
465	0.4451764369	0.5381836142
466	0.4452716614	0.5381201542
467	0.4454164323	0.538017085
468	0.4455689874	0.5379128053
469	0.445617803	0.5378679842
470	0.4456843406	0.5378206659
471	0.4457639181	0.537740466
472	0.4458285175	0.5376938983
473	0.4459430174	0.5376140362
474	0.446026652	0.5375456703
475	0.4460264491	0.5375455996
476	0.4460570009	0.5375196193
477	0.4460984285	0.5374889002
478	0.4461606856	0.5374260697
479	0.4462360616	0.5373618957
480	0.4463546891	0.5372782945
481	0.4464489511	0.5371978298
482	0.4465133563	0.5371393889
483	0.4466390895	0.5370320697
484	0.4466753851	0.5370034312
485	0.4467275772	0.536970529
486	0.4467963787	0.536903245
487	0.4468886806	0.5368408973
488	0.4469496098	0.5367893337
489	0.4470830604	0.5366997208
490	0.4471138978	0.5366640814
491	0.4471702171	0.5366003638
492	0.4472146813	0.536554687
493	0.4472664988	0.5365195482
494	0.4473645854	0.5364531229
495	0.4474691486	0.5363654877
496	0.4475165916	0.5363291523
497	0.4475784786	0.5362772208
498	0.4476149824	0.5362486492
499	0.4476805185	0.5361891651
500	0.4477961287	0.5360868449
501	0.4478807731	0.5360336675
502	0.4479590918	0.5359831808
503	0.4480109008	0.5359426705
504	0.4480987652	0.5358844256
505	0.4481796251	0.5358202862
506	0.4482415723	0.5357758005
507	0.4482921469	0.5357276753
508	0.4483221059	0.5356948297
509	0.4483760653	0.5356421476
510	0.4484245379	0.5355986897
511	0.4484922327	0.5355528378
512	0.4485850054	0.5354819852
513	0.4486142273	0.5354459694
514	0.4486832873	0.5353941878
515	0.4488048347	0.5353111701
516	0.4488860195	0.5352471325
517	0.4489494109	0.5352044929
518	0.4490093	0.5351616912
519	0.4490673999	0.5351188496
520	0.4490801928	0.5351075753
521	0.4491254832	0.5350707047
522	0.4492202675	0.5350121135
523	0.449258469	0.534985352
524	0.449316938	0.534943387
525	0.4493653159	0.534895649
526	0.4494162674	0.5348555069
527	0.4494709548	0.5348146873
528	0.449578698	0.5347291019
529	0.4496638101	0.53467396
530	0.4497700489	0.53458881
531	0.4497930581	0.5345651771
532	0.449890346	0.534479537
533	0.4499803776	0.5344175589
534	0.4500766445	0.5343383311
535	0.4501460247	0.5342829316
536	0.4502010264	0.5342454868
537	0.4502426777	0.5342090488
538	0.4503739196	0.5341188059
539	0.4504490984	0.5340650588
540	0.4505024546	0.5340237365
541	0.4506171787	0.5339393876
542	0.4506647453	0.533899855
543	0.4507678854	0.5338223524
544	0.4508079138	0.5337822216
545	0.4508694263	0.5337324528
546	0.4509068226	0.533689695
547	0.4509502793	0.5336470942
548	0.4509989678	0.5336082001
549	0.4510595958	0.5335429506
550	0.4511295829	0.5334818326
551	0.4512250767	0.5334232334
552	0.4512546939	0.5334027591
553	0.4513356287	0.533350668
554	0.4514080917	0.5332953774
555	0.4514858877	0.533236378
556	0.451520023	0.5332002461
557	0.4516299888	0.5331298194
558	0.4516726649	0.533103333
559	0.4517382689	0.533054151
560	0.4518317036	0.5329874025
561	0.4519795403	0.5328881988
562	0.4520885036	0.5327997977
563	0.4521510273	0.5327437191
564	0.4521568842	0.5327396266
565	0.4522188407	0.5326870698
566	0.452301853	0.5326193086
567	0.4523948481	0.5325540829
568	0.4524949315	0.5324734584
569	0.4525311524	0.5324402331
570	0.4525860601	0.532402255
571	0.4526236653	0.5323756017
572	0.4526946327	0.5323313245
573	0.452724783	0.5323015129
574	0.4527787567	0.5322604284
575	0.4529032213	0.5321853178
576	0.4530188132	0.5320868781
577	0.4530505629	0.5320584572
578	0.4530866232	0.5320250896
579	0.453170924	0.5319680893
580	0.453236312	0.531922998
581	0.4532837406	0.5318880696
582	0.4533451064	0.5318282637
583	0.4534070879	0.5317809537
584	0.4534645396	0.5317353782
585	0.4535497125	0.5316741334
586	0.4535828924	0.5316482839
587	0.4536555161	0.5315987771
588	0.4537137714	0.5315477589
589	0.453836727	0.5314551436
590	0.4539262513	0.531392367
591	0.453989988	0.5313425646
592	0.4540691183	0.5312775476
593	0.4540808954	0.5312616635
594	0.4541163042	0.5312318354
595	0.4542603723	0.5311498451
596	0.4543320096	0.5310931061
597	0.4543994602	0.5310487346
598	0.4545047657	0.530964873
599	0.4545438116	0.5309273489
600	0.4546388836	0.5308649849
601	0.4546950229	0.5308142119
602	0.4547247847	0.5307884821
603	0.4547977804	0.5307235923
604	0.4549557295	0.5306022833
605	0.4550324629	0.5305542408
606	0.4551121425	0.530493971
607	0.4551623553	0.5304444415
608	0.4552242259	0.5304016538
609	0.4552985649	0.5303429571
610	0.4553440746	0.5303087075
611	0.4553627754	0.5302914423
612	0.4553712292	0.5302876174
613	0.45542827	0.5302501207
614	0.4555006883	0.530201329
615	0.4555256074	0.5301726284
616	0.4555498007	0.5301516625
617	0.4556231372	0.5300926501
618	0.4556777909	0.5300501111
619	0.4557535517	0.5299908701
620	0.4557538427	0.5299905353
621	0.4558414707	0.5299220301
622	0.4558885781	0.5298886145
623	0.455967472	0.5298404749
624	0.456064201	0.5297720214
625	0.4561248389	0.5297293121
626	0.4562114222	0.5296605605
627	0.4562576094	0.5296097322
628	0.4563599747	0.5295306074
629	0.4564356988	0.5294779264
630	0.4564549128	0.5294640267
631	0.4565013513	0.5294303417
632	0.4565824712	0.5293555697
633	0.4566176535	0.5293273916
634	0.4567045171	0.5292700563
635	0.4567649272	0.529227264
636	0.4568032191	0.5291993191
637	0.4568375733	0.5291670512
638	0.456837365	0.529167011
639	0.456913993	0.5291079041
640	0.4569496483	0.5290791379
641	0.4569621012	0.5290694774
642	0.4570430099	0.5290194687
643	0.4570692845	0.5289937623
644	0.4571880364	0.5289063069
645	0.4572391167	0.5288597893
646	0.4572827774	0.5288319453
647	0.4573524081	0.5287766892
648	0.4573997734	0.5287414664
649	0.4574229385	0.5287199562
650	0.4574736436	0.5286902188
651	0.4575602244	0.528632214
652	0.4576081248	0.5285779521
653	0.4576808585	0.5285128189
654	0.4577474842	0.5284630138
655	0.4577883491	0.5284257285
656	0.4578094791	0.5284071908
657	0.4579005721	0.5283428275
658	0.4579726083	0.5282840563
659	0.4580061116	0.5282519121
660	0.4580396407	0.5282250205
661	0.4581144605	0.528169718
662	0.4581880192	0.5281178705
663	0.458225787	0.528088058
664	0.4582951678	0.5280411095
665	0.4583822811	0.5279705198
666	0.4584075309	0.5279485936
667	0.4584756073	0.5278948327
668	0.4585254418	0.52786036
669	0.4586181438	0.5277998602
670	0.4587298814	0.5277326124
671	0.4587566145	0.5277054085
672	0.458900509	0.5276144286
673	0.4589694576	0.5275614001
674	0.459006876	0.5275319217
675	0.4590347066	0.5275087622
676	0.459076706	0.5274758746
677	0.4590913257	0.5274523955
678	0.4591216486	0.527418139
679	0.4592080404	0.5273606961
680	0.4592338544	0.5273417212
681	0.4592897256	0.5272983859
682	0.4594230156	0.5272216772
683	0.4594791765	0.5271859937
684	0.4595446702	0.5271268673
685	0.4595791889	0.5270920303
686	0.4596254651	0.5270592434
687	0.4596809289	0.5270169288
688	0.4597601926	0.5269629338
689	0.4598478614	0.5269120228
690	0.4599138811	0.526855391
691	0.4599568762	0.526827236
692	0.4599878519	0.5268046014
693	0.4600503021	0.5267592446
694	0.4601070641	0.5267133944
695	0.4601504228	0.5266831825
696	0.4601646353	0.5266729674
697	0.4602418969	0.5266195438
698	0.46028203	0.5265854248
699	0.4603059944	0.5265601461
700	0.4603322348	0.5265298164
701	0.4604605759	0.5264458974
702	0.4606010201	0.5263393025
703	0.4606494428	0.5262985175
704	0.460687427	0.5262551404
705	0.4607314104	0.5262215568
706	0.4608205604	0.5261542377
707	0.4608731116	0.5261135034
708	0.4609026852	0.5260896061
709	0.4609676603	0.5260315194
710	0.4610166265	0.5259875096
711	0.46106157	0.5259534649
712	0.4611172835	0.5259151351
713	0.4611571235	0.5258784249
714	0.4611968755	0.5258483211
715	0.4612499273	0.5258084738
716	0.461288239	0.5257775912
717	0.4613071315	0.5257473485
718	0.4613419439	0.525718902
719	0.4613928202	0.5256705632
720	0.4614509519	0.5256343179
721	0.4614757762	0.525615114
722	0.4615080749	0.525586821
723	0.4616092575	0.525516688
724	0.4616826169	0.5254771475
725	0.4617389534	0.525423138
726	0.4618382301	0.5253524751
727	0.4618733734	0.5253280315
728	0.4619299297	0.525274527
729	0.4619599399	0.5252471604
730	0.4619855836	0.5252186598
731	0.4620264364	0.5251939837
732	0.4620869831	0.5251546848
733	0.4621126739	0.525128154
734	0.4621410046	0.5251013502
735	0.4621987328	0.5250657922
736	0.4622836759	0.5250159894
737	0.4624020143	0.5249443694
738	0.4624608672	0.5249055413
739	0.4624896779	0.5248851998
740	0.4625610695	0.5248302188
741	0.4626038445	0.5248001435
742	0.4626464575	0.5247748998
743	0.4626972813	0.5247316486
744	0.4627195451	0.5247112134
745	0.4627744825	0.5246614301
746	0.4628123408	0.5246331148
747	0.4628250675	0.5246220198
748	0.4628733325	0.5245781213
749	0.4629662424	0.524522435
750	0.4629856016	0.5245062804
751	0.4630418814	0.5244708714
752	0.4630701775	0.5244472672
753	0.463138742	0.5243960137
754	0.4632113217	0.5243424346
755	0.4632868341	0.5242926702
756	0.4633682999	0.5242293709
757	0.4634731926	0.5241506365
758	0.4635134046	0.5241157649
759	0.4635254309	0.5241024132
760	0.4635507776	0.5240794025
761	0.4636212792	0.5240299599
762	0.4636436233	0.5240053717
763	0.4636834921	0.5239734933
764	0.463709742	0.5239483706
765	0.4637440866	0.5239046485
766	0.4637802358	0.5238769982
767	0.4638202184	0.5238467157
768	0.4638612962	0.5238155408
769	0.4638946039	0.5237903385
770	0.4639733162	0.5237414396
771	0.4640121992	0.5237127891
772	0.4641384846	0.5236415914
773	0.4641897288	0.5236016416
774	0.4642160238	0.5235770754
775	0.4642937452	0.5235247624
776	0.4644123849	0.5234532102
777	0.4644474967	0.5234183629
778	0.4644751486	0.523400129
779	0.4645252936	0.5233664356
780	0.4645984226	0.5233163171
781	0.4646478218	0.5232775021
782	0.464676686	0.5232580394
783	0.4647601809	0.5232021557
784	0.4648122234	0.5231560003
785	0.4648947123	0.5231031023
786	0.4649361577	0.5230684612
787	0.4650336558	0.5230013621
788	0.4651257157	0.5229344092
789	0.4651616247	0.522908547
790	0.4652395638	0.5228339321
791	0.4653336349	0.5227739539
792	0.4654165069	0.5227134835
793	0.4654535608	0.5226887575
794	0.4654967407	0.5226589805
795	0.465571742	0.522600332
796	0.4656945089	0.5225282197
797	0.4657790008	0.5224673264
798	0.4658731303	0.5224043553
799	0.4658926424	0.5223824435
800	0.466027959	0.5222977654
801	0.4660957661	0.5222418162
802	0.4661399535	0.5222041586
803	0.4661769863	0.5221743544
804	0.4662297867	0.5221320304
805	0.4662910826	0.5220970114
806	0.4663759511	0.5220339509
807	0.4664256019	0.5219938026
808	0.4664482062	0.5219715851
809	0.4664899724	0.5219381894
810	0.466547719	0.5218980781
811	0.4665847377	0.5218736722
812	0.466619082	0.5218357717
813	0.4667117576	0.5217697332
814	0.4667641638	0.5217323512
815	0.4668109181	0.521700692
816	0.4669092077	0.5216357401
817	0.4669507881	0.5216042037
818	0.4670009472	0.5215650421
819	0.4670291806	0.5215376376
820	0.4671157579	0.5214806373
821	0.4671826107	0.5214322343
822	0.4672404522	0.5213837796
823	0.4672888638	0.5213470198
824	0.4673670425	0.5212896047
825	0.4674112292	0.521243622
826	0.4674750022	0.5211989342
827	0.4675091224	0.5211646653
828	0.4675848879	0.5211034244
829	0.4676588348	0.5210482256
830	0.4676947468	0.5210117687
831	0.4677251343	0.5209923173
832	0.4677876241	0.5209336133
833	0.4678091245	0.5209142611
834	0.4678398171	0.5208875976
835	0.4678902843	0.5208584425
836	0.4679343367	0.5208214179
837	0.4680242017	0.5207516543
838	0.4680810813	0.5207051966
839	0.4681398852	0.5206659704
840	0.4681864951	0.5206214593
841	0.4682264906	0.5205803653
842	0.4682770584	0.5205397154
843	0.4683315451	0.5204919669
844	0.4683463487	0.5204756398
845	0.468372846	0.520455655
846	0.4683841123	0.5204468087
847	0.4684357279	0.5204126405
848	0.4684495435	0.5204028944
849	0.4685397826	0.5203369517
850	0.468580147	0.5203137961
851	0.4686657419	0.5202578493
852	0.4686918461	0.5202333051
853	0.4687354257	0.5201908564
854	0.4687774156	0.5201612555
855	0.4688450311	0.5201218589
856	0.4688728232	0.5200983375
857	0.4689490588	0.5200483943
858	0.468984244	0.5200285707
859	0.469005325	0.5200090979
860	0.4690538035	0.519976939
861	0.4691036264	0.5199376776
862	0.4691114431	0.5199290703
863	0.4691426815	0.51989806
864	0.4691662936	0.5198801524
865	0.4691897175	0.5198544451
866	0.4692337845	0.5198183799
867	0.4692511831	0.5197985894
868	0.4693023876	0.5197572949
869	0.469366118	0.5197114577
870	0.4694167828	0.5196801981
871	0.4694298243	0.5196638005
872	0.4694652693	0.5196348187
873	0.4695026352	0.5196119745
874	0.4695801094	0.5195630989
875	0.4696833216	0.5194905408
876	0.4697069214	0.5194716081
877	0.4697700662	0.5194315791
878	0.4698543526	0.5193744412
879	0.4698800459	0.5193499224
880	0.4699262465	0.5193106519
881	0.4699637089	0.5192844542
882	0.4700005238	0.51925357
883	0.4701147674	0.5191801768
884	0.4701627257	0.5191328413
885	0.4701901288	0.5191117738
886	0.4702369549	0.5190764029
887	0.4702726206	0.519048015
888	0.4703243571	0.5190081563
889	0.4703889214	0.5189582357
890	0.4704261431	0.5189294216
891	0.4704622274	0.5189027214
892	0.4704820073	0.5188893658
893	0.4705392814	0.5188516516
894	0.470581055	0.5188228946
895	0.4706298954	0.5187896752
896	0.4707321855	0.518724765
897	0.470800775	0.5186825843
898	0.4709594213	0.5185745881
899	0.4710509224	0.5185146136
900	0.4711166351	0.5184721678
901	0.4711325694	0.5184577853
902	0.4712182301	0.5184034469
903	0.4712650112	0.5183664653
904	0.4712986066	0.5183372337
905	0.471322682	0.5183172233
906	0.4714046796	0.5182683578
907	0.4714351513	0.5182411451
908	0.4714672895	0.5182145769
909	0.4715399257	0.5181619211
910	0.4715823439	0.5181227874
911	0.4716264223	0.5180827684
912	0.4716662831	0.5180497153
913	0.4717129689	0.5180207402
914	0.4717390268	0.5179989908
915	0.4717860065	0.5179602328
916	0.4718381508	0.5179281046
917	0.4718878761	0.5178913311
918	0.4719109397	0.5178717274
919	0.4719798862	0.5178271022
920	0.4720221519	0.5177976288
921	0.472085098	0.5177504499
922	0.4721157596	0.5177237181
923	0.4721453163	0.5177019619
924	0.4722034998	0.5176618491
925	0.4722386434	0.5176337611
926	0.4722806442	0.5176070704
927	0.4723306502	0.5175677413
928	0.4723794922	0.5175276982
929	0.4724396796	0.5174796101
930	0.4724585882	0.5174601959
931	0.4725350235	0.5174046976
932	0.472591454	0.5173640585
933	0.4726222414	0.5173395158
934	0.4726505006	0.5173226917
935	0.4726647756	0.5173087471
936	0.4727344943	0.5172610202
937	0.472793133	0.5172209664
938	0.4728260246	0.5171950642
939	0.472861748	0.5171639591
940	0.472870798	0.5171560388
941	0.4729111483	0.5171208829
942	0.4729705145	0.517075077
943	0.4730735412	0.517006088
944	0.4731113461	0.5169860926
945	0.4731385443	0.5169619963
946	0.4731891734	0.5169150811
947	0.4732003439	0.5169003986
948	0.4732435891	0.5168644004
949	0.4733529277	0.5167948732
950	0.4734194583	0.5167473181
951	0.4734658264	0.5167093575
952	0.473534561	0.5166628197
953	0.4735787507	0.5166306479
954	0.4736348497	0.5165994727
955	0.4736615928	0.5165857338
956	0.4737015668	0.5165561361
957	0.4737478978	0.5165211353
958	0.4737583967	0.5165126556
959	0.4738054876	0.5164807089
960	0.4738598947	0.5164431849
961	0.4739032969	0.5164113234
962	0.4739455987	0.5163850143
963	0.4739961749	0.5163507296
964	0.4740582819	0.5163072317
965	0.4741099237	0.5162663261
966	0.4742174222	0.5161950593
967	0.4742629504	0.516164186
968	0.4743567921	0.5161042637
969	0.4743943821	0.5160634161
970	0.4744384622	0.5160292665
971	0.474499199	0.515989386
972	0.4745234262	0.515960006
973	0.4745726937	0.5159165386
974	0.4745958361	0.5159016427
975	0.4746505753	0.5158651223
976	0.4746766148	0.5158421804
977	0.4747355681	0.5158002877
978	0.4747571976	0.5157823637
979	0.4747793606	0.515765012
980	0.4748361311	0.5157239158
981	0.4748675628	0.5156997518
982	0.4749280371	0.5156484898
983	0.4749561478	0.515623074
984	0.4749817992	0.5156060793
985	0.4750068939	0.5155880224
986	0.475020512	0.5155722072
987	0.4750812433	0.5155399572
988	0.4751412448	0.5154972939
989	0.4752584622	0.5154233777
990	0.4753220355	0.5153822264
991	0.4753504935	0.5153566692
992	0.475373189	0.5153375496
993	0.4754417872	0.5152884252
994	0.4755285725	0.5152273316
995	0.4755796762	0.5151957805
996	0.4755998305	0.5151793631
997	0.4756433503	0.5151506098
998	0.4757098037	0.5151114832
999	0.4757539673	0.5150839899
1000	0.4757993899	0.5150456704
1001	0.4758259757	0.5150182917
1002	0.4758972673	0.5149718613
1003	0.4759320743	0.5149432721
1004	0.4760258491	0.5148822953
1005	0.4760863163	0.5148373212
1006	0.4760863452	0.5148367312
1007	0.4761071152	0.5148194172
1008	0.4761849202	0.5147636423
1009	0.4762284296	0.5147267529
1010	0.4762858504	0.5146895561
1011	0.4763461163	0.5146494809
1012	0.476413371	0.5146036467
1013	0.4764829084	0.514549804
1014	0.4765390159	0.514517192
1015	0.4765707907	0.5144934514
1016	0.4765845025	0.5144800807
1017	0.4766358404	0.5144443128
1018	0.4766811458	0.51441587
1019	0.4767350015	0.514380326
1020	0.4767907351	0.5143420811
1021	0.4768195501	0.5143219777
1022	0.4768970773	0.5142673896
1023	0.4769303658	0.5142400614
1024	0.4769752991	0.514207788
1025	0.4770139245	0.514178548
1026	0.4770486708	0.5141523926
1027	0.4770645241	0.5141416038
1028	0.4771053343	0.5141085333
1029	0.4771612046	0.5140650821
1030	0.4772231097	0.5140272541
1031	0.4772620214	0.5139938867
1032	0.4773320802	0.5139411012
1033	0.4773572984	0.5139185948
1034	0.4773784984	0.5138980622
1035	0.4774324408	0.5138650789
1036	0.4774754141	0.5138296615
1037	0.4775094123	0.5138062185
1038	0.4775500291	0.5137762184
1039	0.4775891273	0.5137417284
1040	0.4776636373	0.5136922164
1041	0.4777136641	0.513656058
1042	0.4777754662	0.513618461
1043	0.4778308748	0.5135845065
1044	0.4778727369	0.5135538702
1045	0.4779181141	0.5135175709
1046	0.4779468392	0.5134952111
1047	0.4779907291	0.5134621912
1048	0.4780250498	0.5134363717
1049	0.4780963365	0.5133901095
1050	0.4781184001	0.5133715712
1051	0.4781563641	0.5133436512
1052	0.4781987662	0.5133095868
1053	0.4782053677	0.5133015382
1054	0.4782187291	0.5132875737
1055	0.4783190131	0.513219255
1056	0.4783670695	0.5131830145
1057	0.4783710201	0.5131787596
1058	0.4784305577	0.5131401813
1059	0.4784567264	0.5131222558
1060	0.4785510168	0.5130643719
1061	0.478579204	0.513041493
1062	0.4786341561	0.5130006703
1063	0.4786676193	0.5129786987
1064	0.4787059337	0.5129560369
1065	0.478768918	0.5129106772
1066	0.4787841571	0.5128954311
1067	0.4788027591	0.5128786207
1068	0.478839227	0.5128513071
1069	0.478882655	0.5128235207
1070	0.4789047075	0.5128044354
1071	0.4789957858	0.5127342174
1072	0.4790182703	0.5127223093
1073	0.4791100756	0.5126579804
1074	0.4791499154	0.5126312655
1075	0.4791881365	0.5126085557
1076	0.4792129569	0.5125847517
1077	0.4792256825	0.512568378
1078	0.4792514861	0.5125454956
1079	0.4792846549	0.5125176235
1080	0.4793520622	0.5124700737
1081	0.4793653381	0.5124597398
1082	0.479384455	0.5124442596
1083	0.4794327587	0.5124119304
1084	0.4794754362	0.5123809134
1085	0.4794992701	0.5123607025
1086	0.4795237717	0.5123415149
1087	0.4795720717	0.5123079797
1088	0.4795847686	0.5122981759
1089	0.4796513662	0.5122494743
1090	0.4796751818	0.5122307241
1091	0.4797171419	0.5121957526
1092	0.4797401416	0.5121793981
1093	0.4797810305	0.5121537433
1094	0.4798239	0.5121211336
1095	0.4798626485	0.5120887979
1096	0.4799105956	0.512056218
1097	0.4799477238	0.5120219442
1098	0.4799838089	0.5119940052
1099	0.4800272395	0.5119648597
1100	0.4800554695	0.5119422132
1101	0.4800764946	0.5119220156
1102	0.480093968	0.5119065766
1103	0.4801083805	0.511892429
1104	0.4801574051	0.5118587597
1105	0.4801995995	0.5118351414
1106	0.4802682437	0.5117897086
1107	0.4802854979	0.5117778102
1108	0.480322003	0.5117523525
1109	0.4803358503	0.5117373281
1110	0.4803811985	0.511706319
1111	0.4804012431	0.511685771
1112	0.4804166185	0.51167504
1113	0.4804534391	0.5116420055
1114	0.4804708735	0.5116279242
1115	0.4805307583	0.5115850267
1116	0.4805860466	0.5115464411
1117	0.4806033241	0.5115256563
1118	0.4806487677	0.5114910981
1119	0.4806737248	0.5114678885
1120	0.4807104556	0.5114422758
1121	0.4807390211	0.5114193764
1122	0.4807715834	0.5113978299
1123	0.4808293172	0.5113573343
1124	0.4808463638	0.5113434458
1125	0.4808742093	0.5113212626
1126	0.4808845431	0.5113132111
1127	0.4809550615	0.5112607413
1128	0.4810129159	0.5112170233
1129	0.4810260213	0.5112042793
1130	0.4810406585	0.5111929722
1131	0.4810704775	0.5111734238
1132	0.481085229	0.5111564691
1133	0.4811243859	0.5111276982
1134	0.4811637467	0.5111028454
1135	0.4812069245	0.5110677848
1136	0.4812438986	0.5110431071
1137	0.4812659047	0.5110263495
1138	0.4812879702	0.5110082678
1139	0.4813082782	0.5109928788
1140	0.4813657493	0.5109592271
1141	0.4814015619	0.5109255415
1142	0.4814416347	0.510896146
1143	0.4814972926	0.510860191
1144	0.4815463267	0.5108259096
1145	0.4815888349	0.5107883687
1146	0.4816380067	0.5107542087
1147	0.4816790839	0.5107280719
1148	0.4817322245	0.5106920864
1149	0.4817457092	0.5106830369
1150	0.481781124	0.5106578465
1151	0.4818007717	0.5106414288
1152	0.4818293583	0.5106209671
1153	0.4818767882	0.5105949751
1154	0.4819201352	0.5105623594
1155	0.4819388695	0.5105483434
1156	0.4820076753	0.5105096369
1157	0.4820425215	0.5104829164
1158	0.4820786313	0.5104555194
1159	0.482113762	0.5104310648
1160	0.4821450502	0.5104089309
1161	0.4821648223	0.510395376
1162	0.4822131762	0.5103597193
1163	0.4822169405	0.5103540652
1164	0.4822510528	0.5103274158
1165	0.4822749331	0.5103046238
1166	0.4822875603	0.510292661
1167	0.482322501	0.5102673942
1168	0.4823564136	0.5102404321
1169	0.4824149595	0.5101992667
1170	0.4824539128	0.5101769669
1171	0.4825221651	0.5101361567
1172	0.4825517309	0.5101144487
1173	0.4826375492	0.5100468221
1174	0.4826459288	0.5100353287
1175	0.4826845435	0.5100062867
1176	0.4827125673	0.5099853344
1177	0.4827317809	0.5099657132
1178	0.4827557271	0.5099453104
1179	0.4828220747	0.5098960829
1180	0.482856798	0.5098627222
1181	0.4828976203	0.5098360663
1182	0.4829159411	0.5098218648
1183	0.4829439361	0.5098007068
1184	0.4830116742	0.5097542892
1185	0.4830297149	0.5097373753
1186	0.4830452978	0.5097245765
1187	0.4830696068	0.509708137
1188	0.4830821522	0.5096974399
1189	0.4831338269	0.5096566645
1190	0.4831489918	0.5096424271
1191	0.4831982289	0.5096132654
1192	0.4832178642	0.509597798
1193	0.4832432743	0.5095770721
1194	0.483307583	0.5095338496
1195	0.483338911	0.5095100683
1196	0.4833730312	0.5094803703
1197	0.4834069439	0.509457454
1198	0.4834402388	0.5094310637
1199	0.4834816614	0.5093989425
1200	0.4835210182	0.5093680808
1201	0.4835363994	0.5093554906
1202	0.4835645362	0.5093361765
1203	0.483591398	0.5093163715
1204	0.4836584953	0.5092691451
1205	0.4836792024	0.5092530292
1206	0.4837301465	0.5092075646
1207	0.4838147373	0.5091569517
1208	0.4838601479	0.5091269585
1209	0.4838764833	0.5091137089
1210	0.483911561	0.5090902887
1211	0.4839215219	0.5090778653
1212	0.4839824447	0.5090363416
1213	0.4840228657	0.5090085881
1214	0.484048522	0.5089815986
1215	0.4840742602	0.5089580042
1216	0.4841227612	0.508918501
1217	0.4841710141	0.5088789003
1218	0.4842141827	0.5088487651
1219	0.4842453575	0.5088153796
1220	0.48429176	0.5087813455
1221	0.4843494009	0.5087398867
1222	0.4843843549	0.5087170164
1223	0.484460811	0.5086627915
1224	0.4845069904	0.5086276968
1225	0.4845255557	0.5086165411
1226	0.4845486775	0.5085972498
1227	0.4846043942	0.5085583528
1228	0.4846312741	0.5085365727
1229	0.4846588974	0.5085099239
1230	0.4847063286	0.5084733156
1231	0.4847239608	0.5084586619
1232	0.4847388346	0.5084453065
1233	0.4847767825	0.508419656
1234	0.4848153409	0.5083922893
1235	0.4848556097	0.5083629666
1236	0.4848955239	0.5083409522
1237	0.4849105727	0.5083264969
1238	0.4849826674	0.5082745045
1239	0.4849938391	0.508264598
1240	0.485031155	0.5082391177
1241	0.4850645872	0.5082144556
1242	0.4850927344	0.5081844902
1243	0.4851357882	0.5081554606
1244	0.4851505001	0.5081389433
1245	0.4851680361	0.5081255023
1246	0.4852042418	0.5080996029
1247	0.4852357994	0.5080766609
1248	0.4852728627	0.5080483628
1249	0.48530641	0.5080231349
1250	0.4853652756	0.5079863644
1251	0.4853945367	0.5079584898
1252	0.4854057368	0.5079514221
1253	0.4854591205	0.5079170627
1254	0.4854720445	0.5079063648
1255	0.4855090287	0.507882639
1256	0.4855331649	0.5078593587
1257	0.4855476766	0.5078460247
1258	0.4855796851	0.5078195484
1259	0.4856257718	0.5077812855
1260	0.4856573007	0.5077579726
1261	0.4856989973	0.507732119
1262	0.4857344734	0.5077039271
1263	0.4857845151	0.5076705052
1264	0.4858218889	0.5076424258
1265	0.4858539441	0.507617846
1266	0.4858697326	0.5076015213
1267	0.4858907504	0.50757709
1268	0.485938351	0.5075434873
1269	0.4859839978	0.5075169898
1270	0.4860175495	0.5074942939
1271	0.486036908	0.507481866
1272	0.4860651583	0.5074585691
1273	0.4860881603	0.507442045
1274	0.4861041052	0.5074304309
1275	0.4861393812	0.5074083313
1276	0.4861507267	0.5073957493
1277	0.4861657033	0.5073829663
1278	0.4862081912	0.5073534484
1279	0.4862489889	0.5073246555
1280	0.4862880824	0.5072962375
1281	0.4863283611	0.5072625263
1282	0.4863535677	0.5072443824
1283	0.4864171791	0.5071974526
1284	0.4864411676	0.5071795546
1285	0.4864806953	0.5071472806
1286	0.4865446913	0.507108272
1287	0.4865741659	0.5070872409
1288	0.4865874158	0.5070766566
1289	0.486602823	0.5070595045
1290	0.4866593775	0.5070183487
1291	0.4867443143	0.5069606538
1292	0.486808215	0.5069235032
1293	0.4868216012	0.5069094978
1294	0.4868545893	0.5068854774
1295	0.4868718385	0.506869775
1296	0.4868956613	0.5068454109
1297	0.4869133477	0.5068324003
1298	0.4869535003	0.5068061638
1299	0.4869817832	0.5067835143
1300	0.487017684	0.5067582973
1301	0.4870589793	0.5067300313
1302	0.4870816669	0.5067175022
1303	0.4871442562	0.5066791529
1304	0.4871805298	0.5066454146
1305	0.4872261722	0.5066134615
1306	0.4872437223	0.506595249
1307	0.487277484	0.5065714997
1308	0.4873114311	0.506542451
1309	0.4873635526	0.5065072709
1310	0.4873921545	0.5064861744
1311	0.4874122185	0.5064673184
1312	0.4874250072	0.5064563458
1313	0.4874617922	0.5064321774
1314	0.48753007	0.5063919366
1315	0.4876061311	0.5063410641
1316	0.4876577559	0.5062957796
1317	0.4877030215	0.5062596461
1318	0.4877443879	0.5062273819
1319	0.4877838299	0.5062016957
1320	0.4878004798	0.5061888269
1321	0.4878375243	0.506161057
1322	0.4878544489	0.5061478213
1323	0.4878802809	0.5061296201
1324	0.4879219546	0.5061048543
1325	0.4879463292	0.5060870096
1326	0.4879945915	0.5060540176
1327	0.488041128	0.5060228123
1328	0.4880876221	0.5059894025
1329	0.4881362123	0.5059626167
1330	0.4881721223	0.5059351286
1331	0.4881933207	0.5059169051
1332	0.4882448143	0.5058880206
1333	0.4882761572	0.5058637981
1334	0.4883349237	0.5058268312
1335	0.4883559534	0.5058100113
1336	0.4884110474	0.5057775678
1337	0.4884490571	0.5057510319
1338	0.4884803128	0.5057240673
1339	0.4885006142	0.5057090119
1340	0.4885079352	0.5057033838
1341	0.4885476399	0.5056745069
1342	0.4885754897	0.5056501374
1343	0.488595496	0.5056330953
1344	0.4886074703	0.5056240811
1345	0.4886220535	0.5056107327
1346	0.4886493975	0.5055901206
1347	0.4886798614	0.5055740051
1348	0.4887044789	0.5055539941
1349	0.4887124986	0.5055457667
1350	0.4887316476	0.5055307279
1351	0.4887715802	0.5054999136
1352	0.4888262002	0.5054634874
1353	0.4888567704	0.5054378583
1354	0.4888877508	0.5054126339
1355	0.4889027894	0.5053975066
1356	0.4889261686	0.5053806444
1357	0.4889377927	0.5053690241
1358	0.4890054918	0.5053233451
1359	0.4890633507	0.5052796373
1360	0.4891261277	0.5052298219
1361	0.4891451659	0.5052155275
1362	0.4891988676	0.5051750625
1363	0.48922922	0.5051525886
1364	0.4892604623	0.505126888
1365	0.4892729548	0.5051172063
1366	0.4892986033	0.5050983327
1367	0.4893219017	0.5050814734
1368	0.4893427177	0.5050636311
1369	0.4893624933	0.5050463675
1370	0.4894018529	0.5050166692
1371	0.4894257616	0.5049968004
1372	0.4894357044	0.504985704
1373	0.4894781247	0.5049492885
1374	0.4895191229	0.504923985
1375	0.4895440973	0.5048997667
1376	0.4895547177	0.5048916712
1377	0.4895792089	0.5048725903
1378	0.4896063139	0.5048490218
1379	0.4896335587	0.5048251497
1380	0.4896633088	0.5048062576
1381	0.4896926369	0.5047800404
1382	0.4897304123	0.5047505744
1383	0.4897773893	0.5047252975
1384	0.4898258484	0.5046915939
1385	0.4898592886	0.5046705
1386	0.4898863556	0.5046526927
1387	0.4899116106	0.5046365159
1388	0.4899386202	0.5046179596
1389	0.4899683308	0.5045912011
1390	0.4899871705	0.5045764068
1391	0.4900534152	0.5045409197
1392	0.4900815738	0.5045198324
1393	0.4901072321	0.5044987582
1394	0.4901155764	0.5044942458
1395	0.4901405752	0.5044738182
1396	0.4902030653	0.5044364218
1397	0.4902261054	0.5044204371
1398	0.4902351652	0.5044077488
1399	0.4902751145	0.5043822315
1400	0.4902850718	0.5043753321
1401	0.4903024561	0.5043614211
1402	0.4903458326	0.5043321044
1403	0.4903794275	0.5043072153
1404	0.4904119063	0.5042838045
1405	0.4904424607	0.5042585534
1406	0.4904760858	0.5042333664
1407	0.4905204554	0.5042009176
1408	0.4905660122	0.5041681124
1409	0.4905877477	0.5041534879
1410	0.4906203537	0.5041308769
1411	0.4906810468	0.5040875957
1412	0.4907010715	0.5040741492
1413	0.4907245916	0.5040565934
1414	0.490742835	0.5040422024
1415	0.4907798103	0.5040152364
1416	0.4908179174	0.5039854068
1417	0.4908366095	0.5039711498
1418	0.4908695536	0.5039470208
1419	0.4908822343	0.5039359952
1420	0.4909345638	0.5038951372
1421	0.4909468492	0.5038768874
1422	0.4909845333	0.5038484294
1423	0.4909937826	0.5038407176
1424	0.4910115037	0.5038262439
1425	0.4910380967	0.5038059744
1426	0.4910593631	0.5037876095
1427	0.4910831416	0.5037714806
1428	0.4911012494	0.5037518313
1429	0.4911826592	0.5036980596
1430	0.4911961924	0.5036865741
1431	0.4912118893	0.5036733862
1432	0.4912672142	0.5036410966
1433	0.4913009443	0.5036165248
1434	0.4913060536	0.5036089584
1435	0.4913357376	0.5035909911
1436	0.4913556059	0.5035747931
1437	0.4913739356	0.503560935
1438	0.4914025761	0.5035357928
1439	0.4914108633	0.5035258721
1440	0.4914215326	0.5035154107
1441	0.4914473135	0.5034960123
1442	0.4914787939	0.5034727044
1443	0.4915335429	0.5034310324
1444	0.4915628855	0.5034068272
1445	0.491621929	0.5033671247
1446	0.4916430286	0.5033538832
1447	0.4916644997	0.5033357792
1448	0.4916723822	0.5033288701
1449	0.4917184381	0.5032944308
1450	0.4917436809	0.5032740899
1451	0.491767844	0.5032544669
1452	0.4917901338	0.5032393325
1453	0.4918084983	0.5032222464
1454	0.4918460345	0.5031936882
1455	0.4918687401	0.5031783352
1456	0.491894827	0.5031581691
1457	0.49193274	0.5031292842
1458	0.4919532647	0.5031127743
1459	0.4919822713	0.503093974
1460	0.4920082075	0.5030734295
1461	0.492029097	0.5030570663
1462	0.4920655123	0.5030343114
1463	0.4921019851	0.5030113493
1464	0.4921371428	0.5029880748
1465	0.492156633	0.5029687874
1466	0.4921959894	0.5029405878
1467	0.4922235158	0.5029219074
1468	0.4922530234	0.502898157
1469	0.4922564449	0.5028936345
1470	0.4922767311	0.5028796032
1471	0.4923016827	0.5028598905
1472	0.4923338103	0.5028379087
1473	0.4923741119	0.5028075696
1474	0.4924251803	0.5027829175
1475	0.4924486073	0.5027630802
1476	0.4924758149	0.5027423103
1477	0.4925025157	0.5027188756
1478	0.4925258906	0.5027024692
1479	0.4925575143	0.5026776808
1480	0.492563005	0.5026715514
1481	0.4925941026	0.5026483377
1482	0.4926164651	0.5026282165
1483	0.4926642913	0.5025993368
1484	0.492677664	0.5025893506
1485	0.4926963429	0.5025730111
1486	0.4927176884	0.5025539188
1487	0.492732206	0.5025421505
1488	0.492758885	0.5025224909
1489	0.4927824703	0.5025007387
1490	0.4928314646	0.5024648991
1491	0.4928469294	0.5024539889
1492	0.4928778264	0.5024309323
1493	0.4928915065	0.5024182808
1494	0.4929335269	0.5023895629
1495	0.492958814	0.5023721787
1496	0.4929767852	0.502358897
1497	0.4930315668	0.502317709
1498	0.4931002086	0.5022703762
1499	0.4931268649	0.5022541664
1500	0.4931467123	0.5022396966
1501	0.4931560374	0.5022301408
1502	0.493206657	0.5021991368
1503	0.49325721	0.5021498727
1504	0.4932741495	0.5021358864
1505	0.4932952084	0.5021190581
1506	0.493340301	0.5020850855
1507	0.493386663	0.5020517585
1508	0.4934436644	0.5020064041
1509	0.4934641253	0.5019938648
1510	0.4934909368	0.5019737572
1511	0.4935254081	0.5019458864
1512	0.4935770601	0.5019112087
1513	0.4936201078	0.5018772681
1514	0.4936359958	0.5018654043
1515	0.4936413554	0.5018571644
1516	0.4936646554	0.5018383383
1517	0.4936830002	0.5018269686
1518	0.4937145596	0.5018025503
1519	0.4937546437	0.5017748828
1520	0.4937806415	0.5017552293
1521	0.4938104094	0.5017295231
1522	0.4938416113	0.5017090469
1523	0.4938642905	0.5016896522
1524	0.4938824878	0.5016716583
1525	0.4939129955	0.5016494009
1526	0.4939413027	0.5016276886
1527	0.4939486288	0.5016203547
1528	0.4939785199	0.5016005574
1529	0.4939889371	0.5015929393
1530	0.4940140006	0.5015749317
1531	0.4940455337	0.5015455945
1532	0.4940552418	0.5015345112
1533	0.4940616249	0.5015274535
1534	0.4941042673	0.5014949588
1535	0.4941152985	0.5014846559
1536	0.4941357669	0.5014649389
1537	0.4941474668	0.5014537561
1538	0.4941864089	0.5014274242
1539	0.4942063073	0.5014106838
1540	0.4942583338	0.5013776826
1541	0.4942857782	0.5013551274
1542	0.4943075438	0.5013390154
1543	0.4943428159	0.5013126964
1544	0.4943572657	0.5012969209
1545	0.4943703604	0.5012829551
1546	0.4943974573	0.5012603706
1547	0.4944165145	0.5012436254
1548	0.4944441795	0.5012197723
1549	0.4944563747	0.5012110804
1550	0.4944901868	0.5011877095
1551	0.4945056078	0.5011723196
1552	0.4945461887	0.5011468433
1553	0.4945700542	0.5011267799
1554	0.4945891345	0.5011140985
1555	0.4946175227	0.5010954321
1556	0.4946348143	0.5010811639
1557	0.4946638828	0.5010592038
1558	0.4946948467	0.5010381034
1559	0.4947162829	0.5010198913
1560	0.4947265096	0.5010084384
1561	0.4947484094	0.5009929996
1562	0.4947652751	0.5009780902
1563	0.4947826814	0.5009665883
1564	0.49479623	0.5009542397
1565	0.4948412101	0.5009233282
1566	0.4948790129	0.5008985762
1567	0.4949045164	0.5008779301
1568	0.4949384334	0.5008535456
1569	0.4949448067	0.5008486364
1570	0.4949548687	0.5008407158
1571	0.4949637237	0.5008298152
1572	0.4949768506	0.5008181037
1573	0.4949880164	0.5008090192
1574	0.495004389	0.5007986568
1575	0.4950237785	0.5007842632
1576	0.4950414639	0.5007694786
1577	0.4951146196	0.5007205251
1578	0.4951303786	0.5007072525
1579	0.495158034	0.5006849912
1580	0.495162127	0.5006772676
1581	0.4952000232	0.5006477784
1582	0.4952120186	0.5006300883
1583	0.4952183353	0.500623401
1584	0.4952318502	0.5006128938
1585	0.4952563535	0.5005904393
1586	0.4952789952	0.5005722376
1587	0.4953036086	0.5005517475
1588	0.4953603095	0.5005027293
1589	0.495383805	0.5004850383
1590	0.4953975519	0.5004722277
1591	0.4954164287	0.5004558268
1592	0.4954218017	0.5004521916
1593	0.4954548391	0.5004282371
1594	0.49546785	0.5004102659
1595	0.4954780404	0.5004002524
1596	0.4954967025	0.5003869366
1597	0.4954976123	0.5003861019
1598	0.4955291552	0.5003615991
1599	0.4955487584	0.5003465575
1600	0.4955775469	0.5003261873
1601	0.4955975907	0.5003146154
1602	0.49562795	0.5002954628
1603	0.4956715739	0.5002653439
1604	0.4956848853	0.5002544021
1605	0.4957039335	0.5002368458
1606	0.495714503	0.5002284281
1607	0.4957411627	0.5002094586
1608	0.4957556314	0.5001945515
1609	0.4957902926	0.5001673194
1610	0.4957927138	0.5001649593
1611	0.4958171921	0.500147465
1612	0.4958351937	0.5001329564
1613	0.4958566881	0.5001167353
1614	0.4958639817	0.5001112277
1615	0.4958825204	0.5000980446
1616	0.4958973646	0.5000825162
1617	0.4959257841	0.5000642049
1618	0.4959438874	0.5000516302
1619	0.4959755455	0.5000315333
1620	0.4960093351	0.5000102065
1621	0.4960308233	0.4999910085
1622	0.4960654944	0.4999647602
1623	0.4961107653	0.4999338038
1624	0.4961406697	0.4999105156
1625	0.4961599506	0.4998957526
1626	0.4961767816	0.4998810527
1627	0.4961893242	0.4998698418
1628	0.4962012876	0.4998585969
1629	0.4962240872	0.4998416958
1630	0.4962329103	0.4998354291
1631	0.4962513124	0.4998209643
1632	0.4962818303	0.4997991794
1633	0.4962952944	0.4997902511
1634	0.4963129014	0.4997752747
1635	0.4963191145	0.4997651356
1636	0.4963274472	0.4997575271
1637	0.4963438917	0.4997470286
1638	0.4964003972	0.4997057694
1639	0.4964179089	0.4996883528
1640	0.4964473795	0.4996679249
1641	0.4964557582	0.4996596016
1642	0.4964893187	0.4996370938
1643	0.4965023605	0.4996266893
1644	0.4965134622	0.499619456
1645	0.4965693233	0.499579752
1646	0.4966461059	0.4995235141
1647	0.4966586118	0.4995131531
1648	0.4966854043	0.499491856
1649	0.4967053154	0.4994758559
1650	0.4967407708	0.4994534913
1651	0.4967599467	0.4994376525
1652	0.4967818543	0.4994216768
1653	0.4968142148	0.4993975032
1654	0.4968226648	0.4993904451
1655	0.4968700659	0.4993614836
1656	0.4968937351	0.499345476
1657	0.4969156253	0.4993300501
1658	0.4969252741	0.4993219695
1659	0.4969549336	0.4993005946
1660	0.4969930386	0.4992698952
1661	0.4970126031	0.4992554681
1662	0.497036182	0.4992370502
1663	0.4970809266	0.4992022073
1664	0.4971253146	0.499175353
1665	0.497141867	0.4991608461
1666	0.4971887893	0.4991263744
1667	0.4972249208	0.4991025357
1668	0.4972382162	0.4990917033
1669	0.4972641452	0.4990715912
1670	0.4972898494	0.4990562187
1671	0.4973288519	0.4990289225
1672	0.4973599587	0.4990077761
1673	0.4973791765	0.4989904213
1674	0.4973956784	0.4989773155
1675	0.4974230091	0.4989597333
1676	0.4974372015	0.4989482593
1677	0.4974547596	0.4989357515
1678	0.497485477	0.4989140175
1679	0.4975122994	0.4988978809
1680	0.4975310342	0.4988829903
1681	0.4975585149	0.4988627017
1682	0.4975699085	0.4988532502
1683	0.4975955109	0.4988350922
1684	0.4976294402	0.4988120704
1685	0.4976459934	0.4987985143
1686	0.4977113481	0.4987524813
1687	0.4977341721	0.4987349388
1688	0.4977492806	0.4987210018
1689	0.497758929	0.498710625
1690	0.4977976145	0.4986862651
1691	0.4978107341	0.4986748017
1692	0.4978269567	0.4986611938
1693	0.4978339679	0.498653547
1694	0.4978719945	0.498624571
1695	0.4978764133	0.4986205671
1696	0.4979066936	0.498600298
1697	0.4979422101	0.4985727538
1698	0.497964605	0.4985566444
1699	0.4979944931	0.4985325345
1700	0.4980323448	0.498504373
1701	0.4980686424	0.4984781782
1702	0.4980760266	0.4984666694
1703	0.4980920676	0.4984552768
1704	0.4981074122	0.4984444021
1705	0.4981199094	0.4984315452
1706	0.4981311241	0.4984227019
1707	0.4981774814	0.4983877848
1708	0.4981911186	0.4983766977
1709	0.4982189914	0.4983561635
1710	0.4982430094	0.4983404744
1711	0.4982658134	0.498324774
1712	0.498288008	0.4983048354
1713	0.498303663	0.4982907584
1714	0.4983264139	0.4982738966
1715	0.4983688112	0.4982466312
1716	0.4983871752	0.4982294681
1717	0.4984065862	0.4982122589
1718	0.4984580788	0.498173353
1719	0.4984744775	0.4981583969
1720	0.4984941565	0.498146012
1721	0.4985173068	0.498131664
1722	0.4985205638	0.4981272553
1723	0.4985464455	0.4981046493
1724	0.4985548155	0.4980977498
1725	0.4985736345	0.4980816442
1726	0.4986059436	0.4980592214
1727	0.4986550935	0.4980326105
1728	0.4986693768	0.4980162582
1729	0.4986842864	0.4980053022
1730	0.498727256	0.4979735185
1731	0.4987590741	0.4979487542
1732	0.4987722473	0.4979362273
1733	0.4987839363	0.4979284185
1734	0.4988078266	0.4979082905
1735	0.4988259789	0.4978908836
1736	0.4988406957	0.4978817326
1737	0.4988532989	0.4978710066
1738	0.4988804303	0.4978516392
1739	0.4989173299	0.4978245179
1740	0.4989446933	0.4978032292
1741	0.4989579522	0.4977902346
1742	0.4989605744	0.4977884073
1743	0.4989860082	0.4977675053
1744	0.4989958557	0.4977594941
1745	0.4990214082	0.4977429403
1746	0.4990319832	0.4977329254
1747	0.4990477593	0.497721696
1748	0.4990660234	0.497708607
1749	0.4990827842	0.4976939339
1750	0.4990857486	0.4976900123
1751	0.4991076421	0.4976747109
1752	0.4991322224	0.4976558885
1753	0.4991496356	0.4976424088
1754	0.4991496296	0.4976422535
1755	0.4991608423	0.497631155
1756	0.4991821478	0.4976154545
1757	0.4992198553	0.4975913277
1758	0.4992652639	0.4975581247
1759	0.4992754915	0.4975490538
1760	0.4992992117	0.4975296824
1761	0.4993162108	0.4975161591
1762	0.4993392014	0.4975003373
1763	0.4993652581	0.4974823207
1764	0.4993724472	0.4974752571
1765	0.4993951701	0.4974577002
1766	0.4993988679	0.4974538266
1767	0.4994285942	0.4974349336
1768	0.4994470913	0.4974201161
1769	0.4994970147	0.4973868927
1770	0.499501222	0.4973789578
1771	0.4995245213	0.4973633076
1772	0.4995250794	0.4973630396
1773	0.4995538272	0.4973429029
1774	0.4995683629	0.4973333554
1775	0.4995903388	0.497318427
1776	0.499594622	0.4973143274
1777	0.4996183319	0.4972991844
1778	0.4996242194	0.4972946368
1779	0.4996455493	0.4972754243
1780	0.4996685787	0.4972588439
1781	0.4996837213	0.4972438988
1782	0.4996935321	0.4972358056
1783	0.4997197377	0.4972134633
1784	0.4997407027	0.4971965808
1785	0.4997687575	0.4971758559
1786	0.4997936218	0.4971560269
1787	0.4997986213	0.4971503679
1788	0.4998188104	0.4971345278
1789	0.4998324044	0.4971240551
1790	0.4998468729	0.4971122628
1791	0.4998789618	0.4970845302
1792	0.499906472	0.4970654061
1793	0.499919111	0.4970560701
1794	0.4999319417	0.4970447583
1795	0.499946164	0.4970336507
1796	0.4999687502	0.4970180067
1797	0.4999837086	0.4970018584
1798	0.4999961352	0.4969907369
1799	0.5000222727	0.4969735017
1800	0.5000583462	0.4969423946
1801	0.5000863178	0.4969254298
1802	0.5001248661	0.4968974958
1803	0.5001331548	0.496887379
1804	0.5001625404	0.4968672841
1805	0.500192995	0.4968439809
1806	0.5002287654	0.4968185773
1807	0.5002426171	0.4968048966
1808	0.500260796	0.4967892495
1809	0.500266002	0.4967847869
1810	0.5002880431	0.4967666381
1811	0.5003233251	0.4967400615
1812	0.5003314104	0.4967328848
1813	0.5003372072	0.4967239859
1814	0.5003882225	0.4966869655
1815	0.5004000428	0.4966759571
1816	0.5004342961	0.4966525382
1817	0.5004481517	0.496640804
1818	0.500494594	0.4966095458
1819	0.500507526	0.4965991434
1820	0.500570244	0.4965589426
1821	0.5005938375	0.4965445373
1822	0.5006261427	0.4965220245
1823	0.5006457349	0.4965096672
1824	0.5006629725	0.4964953181
1825	0.5006740064	0.496486218
1826	0.500712127	0.496455727
1827	0.5007335425	0.4964411854
1828	0.500746514	0.4964292307
1829	0.500764336	0.4964139419
1830	0.5007947628	0.4963923411
1831	0.5008107409	0.4963787148
1832	0.50081874	0.4963723054
1833	0.5008434243	0.4963519801
1834	0.5008523616	0.496343669
1835	0.5008720023	0.4963279236
1836	0.5008978078	0.4963114126
1837	0.500923497	0.4962928065
1838	0.5009292159	0.4962870654
1839	0.500939188	0.4962774355
1840	0.5009501662	0.4962656372
1841	0.5009738805	0.4962439442
1842	0.5009843511	0.4962355005
1843	0.501018377	0.4962137725
1844	0.5010362218	0.4961981386
1845	0.5010532193	0.4961846075
1846	0.5010811152	0.4961657208
1847	0.5011061895	0.4961495466
1848	0.501111623	0.4961423887
1849	0.5011256126	0.4961305986
1850	0.5011378331	0.4961215069
1851	0.5011694166	0.4961002117
1852	0.5011840559	0.4960841505
1853	0.5012224121	0.4960581848
1854	0.5012344839	0.4960483648
1855	0.5012725013	0.4960226905
1856	0.501296296	0.4960023491
1857	0.5013289149	0.4959796025
1858	0.5013528016	0.4959635899
1859	0.5013947938	0.4959360154
1860	0.5014222155	0.4959167203
1861	0.501444823	0.4958984838
1862	0.5014665765	0.4958841029
1863	0.5014837705	0.4958734437
1864	0.5014882959	0.4958699266
1865	0.5015703179	0.4958181917
1866	0.5015918159	0.4958016608
1867	0.5016158285	0.4957840555
1868	0.5016475659	0.4957644714
1869	0.5016649223	0.4957541298
1870	0.5016795461	0.4957432495
1871	0.5017028061	0.4957267591
1872	0.5017154042	0.4957131138
1873	0.5017355468	0.4957007918
1874	0.5017454001	0.4956903674
1875	0.5017782607	0.4956703598
1876	0.5018046397	0.4956495947
1877	0.5018357072	0.4956280151
1878	0.5018511011	0.4956163826
1879	0.5018801861	0.4955961386
1880	0.5018872542	0.4955856488
1881	0.5018944862	0.4955775118
1882	0.5019067644	0.4955628838
1883	0.5019315216	0.4955459356
1884	0.5019478263	0.4955299559
1885	0.5019589382	0.4955193876
1886	0.5019822674	0.4955020455
1887	0.5019885328	0.4954961555
1888	0.5020109048	0.4954781962
1889	0.5020259311	0.4954648153
1890	0.5020403073	0.4954510762
1891	0.5021304739	0.4953973966
1892	0.5021618789	0.4953757286
1893	0.5021758506	0.4953657091
1894	0.5021952012	0.4953504841
1895	0.5022098936	0.4953400823
1896	0.5022234039	0.4953290536
1897	0.5022490762	0.4953091211
1898	0.5022549718	0.4953020094
1899	0.502271102	0.4952888098
1900	0.5022898382	0.4952745361
1901	0.5023109058	0.4952615472
1902	0.5023190377	0.4952537687
1903	0.5023390653	0.4952410264
1904	0.5023534785	0.4952299678
1905	0.5023875115	0.4952037733
1906	0.5023987947	0.4951938018
1907	0.5024141865	0.4951832278
1908	0.5024390196	0.4951660003
1909	0.5024626455	0.4951483756
1910	0.5024758586	0.4951392139
1911	0.5024941095	0.4951263858
1912	0.5025338588	0.4950947461
1913	0.5025488813	0.4950819684
1914	0.5025640426	0.4950685411
1915	0.5025728157	0.4950601486
1916	0.5025912256	0.4950446596
1917	0.5026130773	0.4950264582
1918	0.5026413559	0.4950029366
1919	0.502670944	0.4949818379
1920	0.5026921617	0.494967141
1921	0.5027140247	0.4949513638
1922	0.5027462407	0.4949238848
1923	0.5027526433	0.4949191416
1924	0.5027816984	0.4949003756
1925	0.5028085963	0.4948787415
1926	0.5028235365	0.4948667223
1927	0.5028533351	0.4948441219
1928	0.5028822599	0.4948229475
1929	0.5029108501	0.4948010829
1930	0.5029183849	0.4947961842
1931	0.5029390705	0.4947825311
1932	0.5029467513	0.494776694
1933	0.5029523289	0.4947701722
1934	0.502987339	0.4947443322
1935	0.5030018725	0.4947325633
1936	0.5030193737	0.4947197787
1937	0.5030364919	0.494705463
1938	0.503056134	0.494691255
1939	0.5030843173	0.4946710686
1940	0.5030972834	0.4946616226
1941	0.5031301654	0.49464097
1942	0.5031563607	0.4946210904
1943	0.5031868773	0.4946009069
1944	0.5032143249	0.4945802409
1945	0.5032396831	0.494560587
1946	0.5032788842	0.4945351463
1947	0.5032973642	0.494521875
1948	0.5033121868	0.4945057049
1949	0.5033255623	0.4944921585
1950	0.503350922	0.4944741485
1951	0.5033742527	0.4944548936
1952	0.5033824329	0.4944451079
1953	0.5033919772	0.4944355251
1954	0.5034039272	0.4944269087
1955	0.5034245436	0.494409943
1956	0.5034314429	0.494402722
1957	0.5034483601	0.4943889764
1958	0.5034566222	0.4943836585
1959	0.5035033845	0.4943552305
1960	0.5035163874	0.4943448304
1961	0.5035349936	0.4943330667
1962	0.5035754146	0.4943035772
1963	0.5035892299	0.4942906379
1964	0.5036234697	0.4942669727
1965	0.5036339157	0.4942584585
1966	0.5036410834	0.4942525334
1967	0.5036658322	0.4942323675
1968	0.5036779806	0.4942220365
1969	0.5036974283	0.4942055044
1970	0.5037097558	0.4941953136
1971	0.5037232982	0.4941859588
1972	0.5037316266	0.4941787716
1973	0.503765619	0.4941552391
1974	0.5037982329	0.4941340087
1975	0.5038489468	0.4941007372
1976	0.5038531479	0.4940968227
1977	0.5038820359	0.4940762307
1978	0.5038848186	0.4940736528
1979	0.5039090238	0.4940574812
1980	0.5039169781	0.4940526564
1981	0.5039304158	0.494039919
1982	0.5039392357	0.4940308874
1983	0.5039805697	0.4940031588
1984	0.5039954357	0.4939912886
1985	0.5040155096	0.4939771828
1986	0.5040348886	0.4939593329
1987	0.5040734883	0.4939336854
1988	0.5040959538	0.4939202706
1989	0.5041183386	0.4939051737
1990	0.5041457475	0.4938833307
1991	0.5041574485	0.4938736612
1992	0.5041789038	0.4938517006
1993	0.5041907904	0.4938395864
1994	0.5042177645	0.4938176098
1995	0.5042535655	0.4937891629
1996	0.5042785202	0.4937687244
1997	0.5043045407	0.4937485067
1998	0.5043480642	0.4937213257
1999	0.5043701782	0.4937056559
2000	0.504400873	0.4936788008
2001	0.5044156513	0.4936655403
2002	0.5044336579	0.4936528743
2003	0.5044435298	0.4936479012
2004	0.5044650052	0.4936309147
2005	0.5044740753	0.4936247957
2006	0.5045091948	0.4935996385
2007	0.5045137345	0.4935965092
2008	0.5045413471	0.4935771434
2009	0.5045588245	0.4935624432
2010	0.5045822113	0.4935460729
2011	0.504603711	0.4935297493
2012	0.5046226003	0.4935135111
2013	0.5046433508	0.4934988901
2014	0.5046603914	0.4934857452
2015	0.5046669845	0.4934788324
2016	0.5046868725	0.4934655916
2017	0.5047026542	0.4934537102
2018	0.5047152484	0.4934430878
2019	0.5047388873	0.4934279356
2020	0.5047544558	0.4934124156
2021	0.5047663713	0.4934033796
2022	0.504782669	0.4933907165
2023	0.5047944509	0.4933809714
2024	0.5048252393	0.4933590901
2025	0.504831341	0.4933536237
2026	0.5048582881	0.4933320343
2027	0.5048771199	0.4933156671
2028	0.5049096943	0.4932917882
2029	0.504922864	0.4932814142
2030	0.5049330498	0.4932724362
2031	0.5049646298	0.4932504222
2032	0.504979857	0.4932369899
2033	0.5049920711	0.4932268111
2034	0.5050155417	0.4932091402
2035	0.5050321557	0.4931968492
2036	0.5050584673	0.4931748862
2037	0.5050841035	0.4931510545
2038	0.5051176764	0.4931274503
2039	0.5051406212	0.4931102329
2040	0.5051496844	0.4931027894
2041	0.5051673933	0.4930895443
2042	0.5052004058	0.4930681803
2043	0.5052066546	0.4930606222
2044	0.505226517	0.4930475983
2045	0.5052452096	0.493031418
2046	0.5052721536	0.4930155112
2047	0.5052825055	0.4930069809
2048	0.505292792	0.492997883
2049	0.5053008641	0.4929913561
2050	0.5053116625	0.4929863331
2051	0.5053385047	0.4929685038
2052	0.5053710427	0.4929453577
2053	0.5053805423	0.4929395774
2054	0.5053901	0.4929292614
2055	0.5054033507	0.4929179331
2056	0.5054207677	0.4929053912
2057	0.5054322035	0.4928930643
2058	0.505445887	0.4928830808
2059	0.5054646401	0.4928696168
2060	0.5054774229	0.4928595576
2061	0.5054950734	0.4928425965
2062	0.5055009644	0.4928376376
2063	0.5055159702	0.4928240243
2064	0.5055548101	0.4927981415
2065	0.5055638624	0.4927885422
2066	0.5055639844	0.4927883806
2067	0.5056110911	0.4927571984
2068	0.5056454046	0.4927350847
2069	0.505653441	0.4927284892
2070	0.5056738999	0.4927129604
2071	0.5056790496	0.4927092273
2072	0.5057055778	0.4926919525
2073	0.5057226903	0.4926775826
2074	0.5057278248	0.4926716909
2075	0.5057465729	0.4926572357
2076	0.5057486373	0.4926548329
2077	0.5057533239	0.4926520203
2078	0.5057672536	0.4926415046
2079	0.505811869	0.4926127124
2080	0.5058315526	0.4925980976
2081	0.5058396201	0.4925905245
2082	0.5058613805	0.4925720563
2083	0.5058709023	0.4925642211
2084	0.5058859693	0.492551818
2085	0.5058923502	0.4925450276
2086	0.5059170336	0.4925265014
2087	0.5059308179	0.4925170063
2088	0.5059540629	0.4925001151
2089	0.5059823743	0.4924812953
2090	0.5060088646	0.492462265
2091	0.5060173539	0.4924548323
2092	0.5060287238	0.4924451641
2093	0.5060695243	0.4924143331
2094	0.50607687	0.4924094885
2095	0.5060907184	0.4923962994
2096	0.5061216127	0.4923753226
2097	0.5061302833	0.4923668293
2098	0.5061511872	0.4923527044
2099	0.5061796397	0.4923355309
2100	0.5062105675	0.4923132499
2101	0.506224081	0.4923016636
2102	0.5062422295	0.4922884663
2103	0.5062586944	0.4922715029
2104	0.5062802888	0.4922560642
2105	0.5063023616	0.492240733
2106	0.5063342728	0.4922209453
2107	0.5063387238	0.4922168411
2108	0.5063618972	0.4922026901
2109	0.506381193	0.4921863091
2110	0.5063980917	0.4921738653
2111	0.5064055175	0.4921662043
2112	0.5064141579	0.492158929
2113	0.5064258966	0.4921482014
2114	0.5064308715	0.4921385858
2115	0.5064355859	0.4921344147
2116	0.5064433978	0.4921280195
2117	0.5064553606	0.4921198493
2118	0.5064732117	0.4921064628
2119	0.5064931032	0.4920914948
2120	0.5064971784	0.4920878839
2121	0.5065246363	0.4920698206
2122	0.5065497608	0.4920540246
2123	0.5065649479	0.4920434705
2124	0.5065763277	0.4920327926
2125	0.5066010869	0.4920121889
2126	0.5066219137	0.4919978106
2127	0.5066396597	0.4919851763
2128	0.5066736338	0.4919595638
2129	0.5066794771	0.4919544888
2130	0.5066837265	0.4919501685
2131	0.5067231853	0.4919237938
2132	0.5067290997	0.4919160825
2133	0.5067418622	0.4919030288
2134	0.5067483039	0.4918950826
2135	0.5067628342	0.4918831476
2136	0.5067734393	0.4918766532
2137	0.5068064817	0.4918485042
2138	0.5068262808	0.4918349201
2139	0.5068355419	0.4918246109
2140	0.5068390564	0.4918216627
2141	0.5068516919	0.4918121914
2142	0.5068587528	0.4918059572
2143	0.5068659761	0.4918005714
2144	0.5068836095	0.4917862105
2145	0.5068917718	0.4917786453
2146	0.5069100168	0.4917603073
2147	0.5069566622	0.4917357882
2148	0.5069924491	0.4917118502
2149	0.507033854	0.4916813472
2150	0.507062116	0.4916623162
2151	0.5070894698	0.4916466745
2152	0.5071070289	0.4916334368
2153	0.5071245277	0.4916241029
2154	0.5071368116	0.4916129426
2155	0.5071408386	0.4916099201
2156	0.5071488686	0.4916036496
2157	0.5071687864	0.4915880917
2158	0.5071829204	0.4915785452
2159	0.5072112048	0.49155583
2160	0.5072152344	0.4915525122
2161	0.507230371	0.4915410848
2162	0.5072347156	0.4915374875
2163	0.5072503496	0.4915251193
2164	0.5072808393	0.4915057452
2165	0.5072950645	0.4914944376
2166	0.5073022468	0.4914896397
2167	0.5073192379	0.4914751741
2168	0.5073465401	0.4914546535
2169	0.5073686779	0.4914379085
2170	0.5074011007	0.491412538
2171	0.5074391123	0.4913858526
2172	0.5074469043	0.4913782124
2173	0.5074751814	0.4913561534
2174	0.5074932832	0.4913426825
2175	0.5075029797	0.4913335835
2176	0.5075172761	0.4913248727
2177	0.5075336871	0.4913120574
2178	0.5075372838	0.4913074873
2179	0.507551792	0.4912958554
2180	0.5075624124	0.49128727
2181	0.5075717039	0.4912773063
2182	0.5075920579	0.4912635868
2183	0.5076177049	0.4912472981
2184	0.5076207743	0.4912450953
2185	0.5076431389	0.4912295726
2186	0.5076645295	0.4912137442
2187	0.5076760422	0.4912041526
2188	0.5076911869	0.4911887721
2189	0.5076979718	0.4911833336
2190	0.5077054612	0.4911769119
2191	0.5077152063	0.4911678262
2192	0.5077400128	0.4911478512
2193	0.5077442332	0.491140328
2194	0.507753037	0.4911332323
2195	0.5077604096	0.4911263035
2196	0.5077715561	0.4911168054
2197	0.5077812731	0.491108795
2198	0.50779019	0.491102339
2199	0.5078183519	0.4910775299
2200	0.5078293676	0.4910656746
2201	0.5078529362	0.4910461418
2202	0.5078686213	0.4910346673
2203	0.5078858505	0.491017707
2204	0.5079109794	0.4910026743
2205	0.5079243546	0.4909925668
2206	0.5079479507	0.4909717882
2207	0.5079678534	0.4909548396
2208	0.5079909531	0.490937972
2209	0.5080271318	0.4909128533
2210	0.5080381811	0.4909040298
2211	0.508059763	0.490886038
2212	0.5080704759	0.4908740374
2213	0.5080879286	0.4908592061
2214	0.5081176567	0.4908377119
2215	0.5081405608	0.4908159161
2216	0.5081491804	0.490807199
2217	0.5081514825	0.4908053965
2218	0.5081580454	0.4907993837
2219	0.5081942914	0.4907747853
2220	0.5082139448	0.4907599791
2221	0.5082653635	0.4907273244
2222	0.5082760267	0.4907176436
2223	0.5082854547	0.4907101897
2224	0.5082911541	0.4907043397
2225	0.5083330839	0.4906763492
2226	0.5083452256	0.4906673152
2227	0.5083815073	0.4906429541
2228	0.5084073893	0.4906248499
2229	0.5084385402	0.4906025323
2230	0.5084511364	0.490589242
2231	0.50845203	0.4905880805
2232	0.5084738631	0.4905717321
2233	0.5085144417	0.4905452615
2234	0.5085361059	0.4905301672
2235	0.5085453276	0.490521758
2236	0.5085608974	0.490509667
2237	0.5085627357	0.4905049263
2238	0.5085803885	0.490491434
2239	0.5086011249	0.4904763149
2240	0.5086258228	0.4904601015
2241	0.5086400554	0.4904486048
2242	0.5086536088	0.490439207
2243	0.5086798679	0.4904195252
2244	0.5086897038	0.4904108837
2245	0.5086977713	0.4904031225
2246	0.508708012	0.4903954373
2247	0.5087176501	0.4903873231
2248	0.5087382485	0.4903723164
2249	0.5087453298	0.4903662676
2250	0.5087667133	0.4903496278
2251	0.5088053609	0.4903311651
2252	0.5088293065	0.49031274
2253	0.508866154	0.4902942969
2254	0.5088810295	0.4902831039
2255	0.5088847011	0.4902804244
2256	0.5088901748	0.4902764295
2257	0.5089017481	0.4902693947
2258	0.5089307918	0.4902479
2259	0.5089484634	0.490234435
2260	0.5089528453	0.4902311911
2261	0.5089583326	0.4902252554
2262	0.5089644756	0.4902179339
2263	0.5089754248	0.4902098642
2264	0.5089980721	0.4901948128
2265	0.5090158842	0.4901756787
2266	0.5090211448	0.4901712329
2267	0.5090429797	0.4901573992
2268	0.5090581461	0.4901451656
2269	0.5090750553	0.4901316792
2270	0.5090788103	0.4901274948
2271	0.509097145	0.4901129171
2272	0.5091124714	0.4901007483
2273	0.5091278071	0.4900892364
2274	0.5091470521	0.4900745153
2275	0.5091612386	0.4900616774
2276	0.5091978942	0.4900369835
2277	0.5092088657	0.4900290902
2278	0.5092314004	0.4900138376
2279	0.5092337915	0.4900117929
2280	0.509248834	0.4899948406
2281	0.5092649565	0.4899839274
2282	0.5092810588	0.4899694634
2283	0.5093011305	0.4899563028
2284	0.5093131928	0.4899449737
2285	0.5093325398	0.4899312377
2286	0.5093411507	0.4899250727
2287	0.5093414221	0.489922969
2288	0.5093565124	0.4899090707
2289	0.5093768971	0.4898941902
2290	0.5093980211	0.4898816398
2291	0.5094044538	0.4898741915
2292	0.509407305	0.4898714663
2293	0.5094178241	0.4898633378
2294	0.509427282	0.48985577
2295	0.5094312626	0.4898506686
2296	0.509451257	0.4898355552
2297	0.5094574269	0.4898304143
2298	0.5094701121	0.4898159255
2299	0.5094790267	0.4898073687
2300	0.509484676	0.4898023441
2301	0.5095017934	0.4897905783
2302	0.5095222197	0.489774114
2303	0.5095357649	0.4897624898
2304	0.5095452756	0.4897512039
2305	0.5095567593	0.4897412425
2306	0.5095707004	0.4897296625
2307	0.5095905188	0.489713139
2308	0.5095965274	0.4897075332
2309	0.5096108183	0.4896965609
2310	0.5096197712	0.4896873289
2311	0.5096305109	0.4896794167
2312	0.5096360202	0.4896752642
2313	0.5096429384	0.4896699443
2314	0.5096579207	0.489659634
2315	0.5096731772	0.4896472665
2316	0.5097067683	0.4896234952
2317	0.5097231293	0.4896111779
2318	0.5097359352	0.4896019175
2319	0.5097669428	0.4895805597
2320	0.509791189	0.4895661363
2321	0.5098090208	0.4895513199
2322	0.5098319975	0.4895334927
2323	0.5098570715	0.4895167726
2324	0.5098673985	0.4895092281
2325	0.5098845719	0.4894951408
2326	0.5099025885	0.4894812111
2327	0.5099461204	0.4894463426
2328	0.5099523554	0.4894408541
2329	0.5099655366	0.4894301181
2330	0.5099749688	0.4894227295
2331	0.5100080289	0.4894010818
2332	0.5100175383	0.4893887166
2333	0.5100233331	0.4893836452
2334	0.5100266444	0.4893799582
2335	0.5100429673	0.4893688253
2336	0.5100548035	0.489359803
2337	0.5100740224	0.489342823
2338	0.5101015527	0.4893194991
2339	0.5101229822	0.4893022545
2340	0.5101569185	0.4892801241
2341	0.5101634775	0.4892732972
2342	0.5101855747	0.4892540971
2343	0.5102066659	0.4892360905
2344	0.5102262656	0.4892192581
2345	0.5102330861	0.4892111269
2346	0.5102413931	0.489205459
2347	0.5102817166	0.4891885968
2348	0.5102874711	0.4891841036
2349	0.5102981484	0.4891714519
2350	0.5103055706	0.4891647884
2351	0.5103225398	0.4891553715
2352	0.5103322947	0.4891463932
2353	0.5103435886	0.4891377768
2354	0.5103622202	0.4891229997
2355	0.5103722129	0.4891152431
2356	0.510387523	0.4891029226
2357	0.5104006508	0.4890924236
2358	0.5104018967	0.4890909512
2359	0.5104312663	0.4890704657
2360	0.5104399792	0.4890645309
2361	0.5104679693	0.4890476602
2362	0.5104889502	0.4890321384
2363	0.5104997774	0.4890227564
2364	0.5105032141	0.489018621
2365	0.5105052278	0.4890152797
2366	0.5105276437	0.4890010322
2367	0.5105431998	0.4889898502
2368	0.510561734	0.4889776412
2369	0.5106004482	0.4889500648
2370	0.5106052697	0.4889445805
2371	0.5106196392	0.4889323868
2372	0.510625525	0.4889259112
2373	0.5106409077	0.4889160826
2374	0.5106598466	0.488903221
2375	0.5106743899	0.4888928702
2376	0.5106930641	0.4888785674
2377	0.5107142917	0.4888619931
2378	0.5107202753	0.4888556605
2379	0.5107388886	0.4888428606
2380	0.5107525373	0.4888319814
2381	0.5107656611	0.4888236668
2382	0.5107809023	0.4888105776
2383	0.5107993716	0.4887980167
2384	0.5108173877	0.4887855896
2385	0.5108432864	0.4887668081
2386	0.5108493938	0.4887603995
2387	0.5108770546	0.4887420531
2388	0.5108857191	0.4887348206
2389	0.5109053079	0.4887209324
2390	0.5109098746	0.4887155621
2391	0.5109422968	0.4886943353
2392	0.5109589587	0.4886810136
2393	0.5109698535	0.4886713595
2394	0.5109933014	0.4886537967
2395	0.5110004272	0.488645339
2396	0.5110223405	0.4886277723
2397	0.5110390104	0.4886174304
2398	0.5110466891	0.4886097552
2399	0.5110562149	0.4886017057
2400	0.5110752471	0.4885857164
2401	0.5110827785	0.4885789143
2402	0.5110903346	0.4885723882
2403	0.5111125747	0.4885566109
2404	0.5111169648	0.4885520251
2405	0.5111477445	0.4885321549
2406	0.5111746818	0.4885157836
2407	0.5111784827	0.4885123451
2408	0.5111963519	0.4884972007
2409	0.5112163094	0.4884816536
2410	0.5112277125	0.4884729627
2411	0.5112404515	0.4884631571
2412	0.5112513709	0.488453243
2413	0.5112762901	0.4884335286
2414	0.5112972229	0.4884158835
2415	0.5113135176	0.4884045062
2416	0.5113208996	0.4883958194
2417	0.5113378846	0.4883824482
2418	0.5113428164	0.4883784017
2419	0.5113579078	0.4883667133
2420	0.5113752347	0.4883544503
2421	0.5113827181	0.488346141
2422	0.5114102247	0.4883258898
2423	0.51144283	0.4883021809
2424	0.5114627793	0.4882890439
2425	0.5114837537	0.4882743845
2426	0.5115032563	0.4882587449
2427	0.5115204525	0.4882475023
2428	0.5115455458	0.4882271783
2429	0.5115623232	0.4882138864
2430	0.5115675697	0.4882080619
2431	0.5115731012	0.4882042714
2432	0.5115924818	0.4881884927
2433	0.5116165652	0.4881682694
2434	0.5116285859	0.4881612214
2435	0.5116487356	0.4881475216
2436	0.5116552087	0.488138629
2437	0.5116578272	0.4881358521
2438	0.5116772953	0.4881198905
2439	0.5116974955	0.4881055461
2440	0.5117036157	0.4880980503
2441	0.5117158527	0.4880866615
2442	0.5117307875	0.4880747625
2443	0.5117392531	0.4880678066
2444	0.5117557781	0.4880551931
2445	0.5117657834	0.4880457504
2446	0.5117842133	0.4880316496
2447	0.5118122608	0.4880128642
2448	0.5118333003	0.4879959482
2449	0.5118612302	0.4879759571
2450	0.511872245	0.4879669816
2451	0.5119061257	0.4879438782
2452	0.5119154324	0.4879367621
2453	0.5119195237	0.4879325479
2454	0.5119237692	0.4879281353
2455	0.5119563459	0.4879059523
2456	0.5119704284	0.4878953607
2457	0.5119853028	0.4878828551
2458	0.5119948255	0.4878725919
2459	0.5120099002	0.4878602755
2460	0.5120183634	0.4878496403
2461	0.5120338939	0.4878392196
2462	0.5120463456	0.4878286874
2463	0.5120635179	0.4878132058
2464	0.5120804269	0.4878021969
2465	0.5120918022	0.4877932967
2466	0.5121101743	0.4877774769
2467	0.5121212954	0.487769894
2468	0.512139426	0.4877541647
2469	0.5121547326	0.4877426441
2470	0.5121642787	0.4877331081
2471	0.5121755639	0.487724748
2472	0.5121834468	0.4877181861
2473	0.5121981229	0.4877043752
2474	0.5122086399	0.4876960172
2475	0.5122358088	0.4876773616
2476	0.5122392873	0.4876731485
2477	0.5122429323	0.4876705327
2478	0.5122605891	0.487657211
2479	0.5122705504	0.48765057
2480	0.5122913265	0.4876376962
2481	0.5123140105	0.4876208375
2482	0.5123198489	0.4876150279
2483	0.5123330063	0.4876062493
2484	0.5123439843	0.4875951786
2485	0.5123502582	0.4875882128
2486	0.5123562291	0.4875832402
2487	0.5123832068	0.4875602682
2488	0.5123968325	0.4875498482
2489	0.5124228598	0.4875291716
2490	0.5124304753	0.487521306
2491	0.5124534766	0.4875040172
2492	0.5124614555	0.4874964575
2493	0.5124787929	0.4874841249
2494	0.5124980286	0.487469434
2495	0.5125040892	0.48746505
2496	0.5125216604	0.4874538661
2497	0.5125361639	0.4874419605
2498	0.512551579	0.4874301426
2499	0.5125738894	0.4874164228
2500	0.5125863475	0.4874057125
2501	0.5125912435	0.4873993877
2502	0.5126018094	0.4873925588
2503	0.5126113714	0.487384073
2504	0.5126194968	0.4873779055
2505	0.512621992	0.4873744023
2506	0.5126295235	0.487368416
2507	0.5126422035	0.4873590977
2508	0.5126525443	0.487350243
2509	0.5126849246	0.4873250162
2510	0.5127324685	0.4872949534
2511	0.5127357795	0.4872893554
2512	0.51275399	0.4872766081
2513	0.5127560798	0.4872745665
2514	0.5127622079	0.487269756
2515	0.5127957064	0.4872458448
2516	0.512813129	0.4872339924
2517	0.5128252829	0.4872245704
2518	0.5128365703	0.4872158754
2519	0.5128491625	0.4872048381
2520	0.5128697167	0.4871857419
2521	0.5128745901	0.4871820052
2522	0.5128954014	0.4871654277
2523	0.5129027198	0.4871591703
2524	0.5129101246	0.4871522028
2525	0.5129148683	0.4871470705
2526	0.5129303855	0.4871357987
2527	0.5129450814	0.4871232159
2528	0.5129596321	0.4871048918
2529	0.5129901082	0.4870833638
2530	0.5129967995	0.4870778235
2531	0.5130077554	0.4870689972
2532	0.5130122136	0.4870659019
2533	0.5130298067	0.4870535286
2534	0.5130373345	0.4870488655
2535	0.5130548056	0.4870371962
2536	0.51307619	0.4870209046
2537	0.5130844303	0.4870142392
2538	0.5130970312	0.4870045942
2539	0.5131095838	0.4869936406
2540	0.5131229185	0.486984089
2541	0.513130828	0.4869771475
2542	0.5131622546	0.4869553366
2543	0.5131731963	0.4869436453
2544	0.5131834188	0.4869342293
2545	0.5132018285	0.4869214361
2546	0.5132261633	0.4869044639
2547	0.5132474074	0.4868904339
2548	0.5132564168	0.4868857984
2549	0.513278215	0.4868674096
2550	0.5132810436	0.4868643933
2551	0.5133067113	0.4868463147
2552	0.5133234365	0.4868326583
2553	0.5133454812	0.4868184127
2554	0.5133556765	0.4868089443
2555	0.5133665477	0.4868014307
2556	0.5133764796	0.4867946579
2557	0.5133832294	0.4867871946
2558	0.5134011053	0.486773088
2559	0.5134201173	0.4867595303
2560	0.5134346973	0.4867499662
2561	0.5134519649	0.4867356653
2562	0.5134741587	0.4867187654
2563	0.513480188	0.4867138924
2564	0.5135004115	0.4866983417
2565	0.5135175562	0.4866855484
2566	0.5135502768	0.4866608862
2567	0.5135846036	0.4866371472
2568	0.5135978836	0.4866270759
2569	0.5136306761	0.486603942
2570	0.5136640693	0.4865765843
2571	0.5136625662	0.4865746046
2572	0.5136689499	0.4865690777
2573	0.513684512	0.4865587353
2574	0.5137042817	0.4865426797
2575	0.513724098	0.4865270423
2576	0.5137512827	0.4865091214
2577	0.5137571762	0.4865049516
2578	0.5137664919	0.4864982122
2579	0.5137889961	0.4864816759
2580	0.5137999119	0.4864725695
2581	0.5138134797	0.4864622629
2582	0.5138248904	0.4864531467
2583	0.5138405903	0.486442754
2584	0.5138511297	0.4864334328
2585	0.5138604411	0.4864275595
2586	0.5138771258	0.4864156046
2587	0.513887372	0.4864073372
2588	0.5139193125	0.4863878007
2589	0.5139464181	0.4863649125
2590	0.5139620242	0.4863540277
2591	0.5139700936	0.4863471909
2592	0.5140016703	0.4863269845
2593	0.5140168847	0.4863160741
2594	0.514023436	0.4863101808
2595	0.5140394332	0.4862962066
2596	0.5140483468	0.4862890135
2597	0.5140690537	0.4862747003
2598	0.5140843425	0.4862627906
2599	0.5141025731	0.4862491805
2600	0.5141186038	0.4862386529
2601	0.5141330442	0.4862282246
2602	0.5141376881	0.4862246435
2603	0.5141731283	0.486200703
2604	0.5141862265	0.4861915979
2605	0.5141946854	0.4861832944
2606	0.5142192291	0.4861666515
2607	0.5142335973	0.4861547478
2608	0.5142663569	0.4861309426
2609	0.5142766413	0.4861214197
2610	0.5142964964	0.4861065073
2611	0.5143121332	0.4860932523
2612	0.5143287106	0.4860820881
2613	0.5143428843	0.4860713166
2614	0.5143527623	0.4860629147
2615	0.5143813619	0.486046444
2616	0.5143896582	0.4860400595
2617	0.5144097514	0.4860253638
2618	0.5144149884	0.4860203231
2619	0.5144359151	0.486003958
2620	0.5144452638	0.4859968033
2621	0.5144620031	0.4859837149
2622	0.5144767085	0.485972254
2623	0.5144890285	0.485962794
2624	0.5145025745	0.485951317
2625	0.5145103721	0.485944703
2626	0.5145273704	0.485932338
2627	0.5145497373	0.4859164451
2628	0.5145757843	0.4858984997
2629	0.5146034015	0.4858763358
2630	0.5146119753	0.4858675458
2631	0.5146241866	0.485857152
2632	0.5146407425	0.4858451588
2633	0.5146595617	0.4858315077
2634	0.5146667871	0.4858233771
2635	0.5146803336	0.4858134663
2636	0.5146907009	0.4858008981
2637	0.5147126971	0.4857866799
2638	0.5147302374	0.485772262
2639	0.5147442136	0.4857627655
2640	0.5147564022	0.4857526811
2641	0.5147712604	0.4857414149
2642	0.5147941467	0.4857230174
2643	0.5148095307	0.4857118539
2644	0.5148247655	0.4856995561
2645	0.5148347724	0.4856891274
2646	0.5148508952	0.4856768057
2647	0.514874187	0.4856600516
2648	0.5148866641	0.4856501985
2649	0.5148998479	0.4856402117
2650	0.514923941	0.4856236823
2651	0.5149369455	0.4856141316
2652	0.5149475104	0.4856057388
2653	0.5149512415	0.4856024892
2654	0.5149589107	0.4855958883
2655	0.5149793339	0.4855821499
2656	0.5149802555	0.4855813898
2657	0.5149865473	0.4855778795
2658	0.5150067601	0.4855602767
2659	0.5150327106	0.4855408007
2660	0.5150441328	0.4855319096
2661	0.5150492177	0.4855264975
2662	0.5150608881	0.4855184647
2663	0.5150685101	0.4855135224
2664	0.5150876788	0.4855015792
2665	0.5150971078	0.4854926628
2666	0.51510338	0.4854855911
2667	0.5151147796	0.4854775481
2668	0.515137664	0.4854596573
2669	0.5151550034	0.4854468367
2670	0.5151778964	0.4854297554
2671	0.5151937758	0.4854160209
2672	0.5152015821	0.4854081206
2673	0.5152246778	0.4853922788
2674	0.5152346375	0.4853836771
2675	0.5152529607	0.4853711612
2676	0.5152620326	0.4853639084
2677	0.5152824541	0.4853468444
2678	0.5152981576	0.4853331786
2679	0.5153010879	0.4853307834
2680	0.5153046512	0.4853269171
2681	0.5153139215	0.4853199657
2682	0.5153218526	0.4853135747
2683	0.5153482742	0.4852946918
2684	0.5153661256	0.4852820326
2685	0.5153779684	0.4852712718
2686	0.5153855021	0.485262924
2687	0.5154025396	0.4852477785
2688	0.5154075657	0.4852429915
2689	0.5154161364	0.4852356488
2690	0.5154297986	0.4852260374
2691	0.5154406536	0.4852158759
2692	0.5154752066	0.4851910603
2693	0.5154901844	0.4851787479
2694	0.5155103619	0.4851648073
2695	0.5155241535	0.4851545202
2696	0.5155510246	0.4851376286
2697	0.5155639189	0.4851256445
2698	0.5155749474	0.485118211
2699	0.5155779563	0.4851150478
2700	0.5155866336	0.4851074579
2701	0.5156087887	0.4850853291
2702	0.5156241336	0.4850732864
2703	0.5156516497	0.4850523911
2704	0.5156627623	0.485044254
2705	0.5156681353	0.4850394799
2706	0.5156760363	0.4850334585
2707	0.515683389	0.4850240267
2708	0.5156936293	0.4850140389
2709	0.5157204035	0.4849974564
2710	0.5157389898	0.4849842122
2711	0.5157619206	0.4849678123
2712	0.5158002512	0.484943937
2713	0.5158122803	0.4849340922
2714	0.5158278834	0.484920953
2715	0.5158413948	0.4849086757
2716	0.5158528503	0.4848976998
2717	0.5158646609	0.4848871268
2718	0.515888057	0.4848686354
2719	0.5158994005	0.4848596737
2720	0.515912089	0.4848497689
2721	0.5159200878	0.4848429331
2722	0.5159425076	0.4848258246
2723	0.5159665879	0.4848095876
2724	0.5159743939	0.4848059795
2725	0.5159940442	0.4847896741
2726	0.5160160544	0.4847742333
2727	0.5160308818	0.4847638394
2728	0.5160462223	0.4847493458
2729	0.516055981	0.484744137
2730	0.5160743132	0.4847334502
2731	0.516103576	0.4847133069
2732	0.516126784	0.4846958197
2733	0.5161302928	0.4846931627
2734	0.5161373701	0.4846868202
2735	0.5161510156	0.4846753436
2736	0.5161755435	0.4846589835
2737	0.5161882766	0.484648469
2738	0.5162137639	0.4846295364
2739	0.5162169011	0.4846269958
2740	0.5162265283	0.4846154766
2741	0.5162432168	0.4846028826
2742	0.5162657723	0.4845887198
2743	0.5162753304	0.4845805672
2744	0.5162864221	0.4845705871
2745	0.5162999999	0.4845596949
2746	0.516304547	0.4845561088
2747	0.5163198855	0.4845440229
2748	0.5163290923	0.484537034
2749	0.5163519628	0.4845187161
2750	0.5163553638	0.4845164704
2751	0.5163592479	0.4845132934
2752	0.5163810846	0.4844976901
2753	0.516393947	0.4844871445
2754	0.5164200793	0.4844682581
2755	0.516435608	0.4844562947
2756	0.5164567506	0.4844436665
2757	0.5164682043	0.4844328288
2758	0.5164896055	0.4844173458
2759	0.5165086431	0.484403887
2760	0.5165149436	0.484397462
2761	0.516526896	0.4843892925
2762	0.5165409472	0.4843762094
2763	0.5165510192	0.4843675216
2764	0.5165587431	0.4843621048
2765	0.516563115	0.4843574568
2766	0.5165662426	0.4843531216
2767	0.5165688345	0.484351151
2768	0.5165786423	0.4843418243
2769	0.5165924857	0.4843322644
2770	0.5166015706	0.484324693
2771	0.5166070761	0.4843206116
2772	0.5166086962	0.4843194537
2773	0.5166185401	0.4843120077
2774	0.5166242154	0.4843065907
2775	0.5166315845	0.484299793
2776	0.5166382728	0.4842936899
2777	0.5166498034	0.4842847276
2778	0.5166638386	0.4842732953
2779	0.5166697737	0.4842680123
2780	0.5166933416	0.484247511
2781	0.5167138175	0.4842291967
2782	0.5167181877	0.4842247524
2783	0.5167338621	0.4842141163
2784	0.5167611075	0.4841923708
2785	0.5167619805	0.4841914483
2786	0.5167683415	0.48418682
2787	0.5167727425	0.4841835611
2788	0.5167744606	0.4841817216
2789	0.5167783546	0.4841777964
2790	0.5167911423	0.4841661391
2791	0.5167978825	0.4841609309
2792	0.516814854	0.484149811
2793	0.516835671	0.4841301372
2794	0.5168520291	0.4841160147
2795	0.5168606232	0.4841071009
2796	0.5168673807	0.4841018972
2797	0.5168820546	0.4840897154
2798	0.5168953863	0.4840814672
2799	0.5169198635	0.484062831
2800	0.5169336588	0.4840522266
2801	0.5169495186	0.4840405241
2802	0.5169636054	0.4840296852
2803	0.5169736504	0.4840196682
2804	0.5169879564	0.4840095141
2805	0.5169928833	0.4840053504
2806	0.5170039862	0.483997925
2807	0.5170221258	0.4839854446
2808	0.5170298218	0.4839778373
2809	0.5170378606	0.4839727296
2810	0.5170510223	0.4839631644
2811	0.5170582305	0.4839587801
2812	0.5170769199	0.4839419471
2813	0.5170886676	0.4839316433
2814	0.5171090565	0.4839133
2815	0.5171215971	0.4839040014
2816	0.5171272252	0.4838981162
2817	0.517137736	0.4838885064
2818	0.517151535	0.4838767768
2819	0.517156865	0.4838716894
2820	0.5171668289	0.4838650146
2821	0.5171836899	0.4838506256
2822	0.5171972384	0.4838410764
2823	0.5172033801	0.483834876
2824	0.5172211123	0.4838228628
2825	0.5172328064	0.483811875
2826	0.5172363971	0.4838070177
2827	0.5172366068	0.4838061238
2828	0.5172459441	0.4837970402
2829	0.5172629007	0.4837832305
2830	0.5172734729	0.4837748161
2831	0.517283517	0.4837663072
2832	0.5173011245	0.4837538598
2833	0.5173061872	0.4837484541
2834	0.5173111046	0.4837436327
2835	0.5173359846	0.4837267732
2836	0.5173564664	0.4837107843
2837	0.5173701902	0.4837016123
2838	0.5173796239	0.4836916531
2839	0.517386458	0.4836855526
2840	0.5173949258	0.4836790123
2841	0.5174031012	0.4836723092
2842	0.5174207478	0.4836583044
2843	0.5174360932	0.4836478836
2844	0.5174463246	0.4836407764
2845	0.5174578527	0.4836301701
2846	0.5174718117	0.4836172804
2847	0.5174848429	0.4836057178
2848	0.5174939149	0.4835983029
2849	0.517499555	0.4835932547
2850	0.5175067062	0.4835877635
2851	0.5175148876	0.4835820378
2852	0.5175267054	0.483572317
2853	0.5175478328	0.4835595027
2854	0.5175590795	0.4835485481
2855	0.5175704603	0.4835412314
2856	0.5175847848	0.4835292195
2857	0.5175948571	0.4835204023
2858	0.5176049103	0.4835131296
2859	0.5176107076	0.4835080056
2860	0.5176215707	0.4834953161
2861	0.5176453311	0.483477971
2862	0.5176567886	0.4834665292
2863	0.5176683967	0.4834564259
2864	0.5176859425	0.4834377298
2865	0.5176918409	0.483433334
2866	0.5176942886	0.4834312108
2867	0.5177024312	0.4834213816
2868	0.5177086899	0.4834159934
2869	0.517732181	0.4834012077
2870	0.5177492554	0.48339124
2871	0.5177584742	0.4833845846
2872	0.5177854395	0.4833658468
2873	0.517804516	0.483351251
2874	0.5178375047	0.4833266339
2875	0.5178501784	0.4833154016
2876	0.5178582972	0.4833085789
2877	0.5178718374	0.4832966627
2878	0.5178905163	0.4832828654
2879	0.5179087737	0.4832693303
2880	0.5179339298	0.4832507552
2881	0.5179450058	0.483239694
2882	0.5179574987	0.4832303833
2883	0.5179724215	0.4832209683
2884	0.5179821732	0.4832134217
2885	0.5179862972	0.4832095834
2886	0.518002825	0.4831962183
2887	0.518018718	0.4831842061
2888	0.5180249771	0.4831778348
2889	0.5180396962	0.4831669548
2890	0.5180695831	0.4831447541
2891	0.5180914938	0.4831274548
2892	0.5181103887	0.4831119235
2893	0.5181295873	0.4830976503
2894	0.5181356003	0.4830929233
2895	0.518144592	0.4830857326
2896	0.5181566684	0.4830759863
2897	0.5181787213	0.4830591188
2898	0.5181981743	0.4830424734
2899	0.5182247663	0.4830242847
2900	0.5182343274	0.4830155686
2901	0.5182463409	0.4830068999
2902	0.5182509811	0.4830024429
2903	0.5182546264	0.482999172
2904	0.518264865	0.4829915246
2905	0.518270333	0.4829845848
2906	0.5182797877	0.4829786153
2907	0.5182931448	0.4829688781
2908	0.5183047253	0.4829595904
2909	0.5183134244	0.4829517564
2910	0.5183391958	0.4829288707
2911	0.5183610712	0.4829159969
2912	0.518372657	0.4829079399
2913	0.5183826237	0.4828987203
2914	0.5184167894	0.4828758392
2915	0.5184369879	0.4828584414
2916	0.5184479959	0.4828494329
2917	0.5184587062	0.4828390092
2918	0.518477946	0.4828238998
2919	0.5184914971	0.4828132078
2920	0.5185014657	0.4828035475
2921	0.5185138529	0.4827933775
2922	0.5185301144	0.4827790777
2923	0.5185400354	0.482770597
2924	0.5185577701	0.4827579696
2925	0.5185677812	0.4827490862
2926	0.5185870186	0.4827340821
2927	0.5186055943	0.4827221526
2928	0.5186179526	0.4827131072
2929	0.5186255015	0.4827059317
2930	0.5186468148	0.4826925468
2931	0.5186671004	0.4826790061
2932	0.5186802323	0.4826696573
2933	0.5186972978	0.4826568732
2934	0.5187029278	0.4826524892
2935	0.5187116472	0.4826437557
2936	0.5187189836	0.4826372602
2937	0.518738334	0.4826247276
2938	0.5187431282	0.4826200959
2939	0.5187515397	0.4826124868
2940	0.51876705	0.4826011523
2941	0.5187799832	0.4825930274
2942	0.5187923009	0.4825826535
2943	0.518805411	0.4825697874
2944	0.5188104309	0.4825658673
2945	0.5188181058	0.4825596225
2946	0.5188235418	0.4825542625
2947	0.5188329394	0.4825459366
2948	0.5188373638	0.4825421526
2949	0.5188398039	0.482538996
2950	0.5188548962	0.4825277798
2951	0.518860972	0.482522451
2952	0.5188715877	0.482513162
2953	0.5188794208	0.4825042367
2954	0.5189035744	0.482486397
2955	0.5189172852	0.4824775107
2956	0.5189254699	0.4824702867
2957	0.5189404412	0.4824598846
2958	0.5189484402	0.4824537529
2959	0.518955826	0.4824470843
2960	0.5189686555	0.482436145
2961	0.5189764969	0.4824302318
2962	0.5189836152	0.4824245156
2963	0.5190007568	0.482412257
2964	0.5190046632	0.4824081868
2965	0.5190104413	0.4824034867
2966	0.519014281	0.4823972988
2967	0.5190271527	0.4823848653
2968	0.5190301643	0.4823808526
2969	0.5190516428	0.482365996
2970	0.5190596798	0.4823583609
2971	0.5190726574	0.4823469197
2972	0.5191007547	0.4823260994
2973	0.5191122097	0.4823141509
2974	0.5191226468	0.4823044965
2975	0.51913259	0.4822962659
2976	0.5191485596	0.4822844909
2977	0.5191555766	0.4822785033
2978	0.5191713518	0.4822676253
2979	0.5191848824	0.4822560557
2980	0.5191969458	0.4822472719
2981	0.5192145061	0.4822307952
2982	0.5192207208	0.4822249414
2983	0.5192512779	0.4822061182
2984	0.5192569316	0.4822007006
2985	0.5192791394	0.4821838721
2986	0.5192923354	0.4821763878
2987	0.5193102766	0.4821647443
2988	0.5193191667	0.4821579575
2989	0.5193342225	0.48214414
2990	0.5193381346	0.4821400899
2991	0.5193489145	0.4821303774
2992	0.51935616	0.4821262124
2993	0.5193673642	0.4821150199
2994	0.5193727109	0.4821098301
2995	0.5193880597	0.482098284
2996	0.5194059835	0.4820818549
2997	0.5194090479	0.4820788916
2998	0.5194249655	0.4820663087
2999	0.5194381687	0.482054451
